/*
SQLyog Ultimate v12.09 (64 bit)
MySQL - 8.0.15 : Database - tibos
*********************************************************************
*/

/*!40101 SET NAMES utf8 */;

/*!40101 SET SQL_MODE=''*/;

/*!40014 SET @OLD_UNIQUE_CHECKS=@@UNIQUE_CHECKS, UNIQUE_CHECKS=0 */;
/*!40014 SET @OLD_FOREIGN_KEY_CHECKS=@@FOREIGN_KEY_CHECKS, FOREIGN_KEY_CHECKS=0 */;
/*!40101 SET @OLD_SQL_MODE=@@SQL_MODE, SQL_MODE='NO_AUTO_VALUE_ON_ZERO' */;
/*!40111 SET @OLD_SQL_NOTES=@@SQL_NOTES, SQL_NOTES=0 */;
CREATE DATABASE /*!32312 IF NOT EXISTS*/`tibos` /*!40100 DEFAULT CHARACTER SET utf8 */;

USE `tibos`;

/*Table structure for table `Dict` */

DROP TABLE IF EXISTS `Dict`;

CREATE TABLE `Dict` (
  `Id` varchar(22) NOT NULL COMMENT '主键',
  `Name` varchar(255) DEFAULT NULL,
  `Tid` varchar(255) DEFAULT NULL,
  `Description` varchar(255) DEFAULT NULL,
  `Sort` int(11) DEFAULT NULL,
  `Status` int(11) DEFAULT NULL,
  `Mark` varchar(255) DEFAULT NULL,
  PRIMARY KEY (`Id`)
) ENGINE=InnoDB DEFAULT CHARSET=utf8;

/*Data for the table `Dict` */

insert  into `Dict`(`Id`,`Name`,`Tid`,`Description`,`Sort`,`Status`,`Mark`) values ('0Oyc6G0_30ePNh-av6s96g','总经理','F7HjV9KcB0mrS6pftBvdmg',NULL,1,1,NULL),('3iWyJIGC7EywNmm-3OTiZg','男','123123','男娃子',1,1,NULL),('66iI4Oe4gkK-KHV86fI46A','销售主管','F7HjV9KcB0mrS6pftBvdmg',NULL,5,1,NULL),('6IW1NOFQE0SKmBC1p8y7tg','保洁员','F7HjV9KcB0mrS6pftBvdmg',NULL,0,1,NULL),('D-KzzCRcVEu6zuybZZoPmw','区域','pyodMpCV4UuxTdRG-ElwuQ','1',1,1,NULL),('DJ6pUcMlyE65ojy-N_T2AQ','666',NULL,NULL,0,0,NULL),('dL2AGQeqfE2F1e9QTDFWxg','总裁','F7HjV9KcB0mrS6pftBvdmg','CEO',0,1,NULL),('em0WCfmSNE60VBV1o1LwHg','.net程序员','F7HjV9KcB0mrS6pftBvdmg',NULL,6,1,NULL),('epeYcEUWXkqp2EIUNI3-xQ','删除','FyENZ39HvEqQ_9pBl6HHpg',NULL,4,1,'del'),('GjQ0l575XUK8AoHkLAZ_QQ','公司','pyodMpCV4UuxTdRG-ElwuQ',NULL,2,0,NULL),('KkbNH-3MQkiWli-WHb-kmA','女','123123','女娃子',2,1,NULL),('n6VdFqOfKUyjyO0HPQzn-g','修改','FyENZ39HvEqQ_9pBl6HHpg',NULL,2,1,'edit'),('olXg1w5M_UCDRNKHuuE85w','文员','F7HjV9KcB0mrS6pftBvdmg','4',4,1,NULL),('pOUe--NdsE2oC3218yMy9g','审核','FyENZ39HvEqQ_9pBl6HHpg','审核资产',5,1,'exam'),('qnqsdcd8akOPnv0ohclUvA','部门','pyodMpCV4UuxTdRG-ElwuQ','2',3,1,NULL),('RdRffp7Yxky0UFr8NJZPug','主管','F7HjV9KcB0mrS6pftBvdmg',NULL,3,1,NULL),('SOMP65Pz40OprbpMz2062Q','小组','pyodMpCV4UuxTdRG-ElwuQ',NULL,4,1,NULL),('uAIzlCaeq0WIitZ-m5kBww','保密','123123','人妖',3,1,NULL),('YLd3iOA-qUuNhF1yXCsgcw','添加','FyENZ39HvEqQ_9pBl6HHpg',NULL,1,1,'create'),('YtpdtlZKi0ahzkqHFXeYDw','查看','FyENZ39HvEqQ_9pBl6HHpg','预览页面',0,1,'get');

/*Table structure for table `DictType` */

DROP TABLE IF EXISTS `DictType`;

CREATE TABLE `DictType` (
  `Id` varchar(255) NOT NULL,
  `Name` varchar(255) DEFAULT NULL,
  `Sort` int(11) DEFAULT NULL,
  `Mark` varchar(255) DEFAULT NULL,
  PRIMARY KEY (`Id`)
) ENGINE=InnoDB DEFAULT CHARSET=utf8;

/*Data for the table `DictType` */

insert  into `DictType`(`Id`,`Name`,`Sort`,`Mark`) values ('123123','性别',1,'sex'),('F7HjV9KcB0mrS6pftBvdmg','职位',3,'Position'),('FyENZ39HvEqQ_9pBl6HHpg','权限操作',1,'Role'),('pyodMpCV4UuxTdRG-ElwuQ','组织类型',3,'22');

/*Table structure for table `Manager` */

DROP TABLE IF EXISTS `Manager`;

CREATE TABLE `Manager` (
  `Id` varchar(255) NOT NULL,
  `UserName` varchar(255) DEFAULT NULL,
  `Password` varchar(255) DEFAULT NULL,
  `Mobile` varchar(255) DEFAULT NULL,
  `Email` varchar(255) DEFAULT NULL,
  `Status` int(11) DEFAULT NULL,
  `LoginTime` datetime DEFAULT NULL,
  `LoginIp` varchar(255) DEFAULT NULL,
  `RoleId` varchar(500) DEFAULT NULL,
  `PositionId` varchar(255) DEFAULT NULL,
  PRIMARY KEY (`Id`)
) ENGINE=InnoDB DEFAULT CHARSET=utf8;

/*Data for the table `Manager` */

insert  into `Manager`(`Id`,`UserName`,`Password`,`Mobile`,`Email`,`Status`,`LoginTime`,`LoginIp`,`RoleId`,`PositionId`) values ('h5oMfYYCAkO46adFX7NQmQ','admin','123456','15019400555','sdfsdf@qq.com',1,NULL,NULL,'K_H9jzB3a0WGG9NM8bEkGg,MXf_J9dUNkiAonC_GST1OQ','66iI4Oe4gkK-KHV86fI46A'),('k1aAjlpeekuCI1fMMMX4jg','test','1111111111','112212121','33323@11',0,NULL,NULL,NULL,'em0WCfmSNE60VBV1o1LwHg');

/*Table structure for table `Navigation` */

DROP TABLE IF EXISTS `Navigation`;

CREATE TABLE `Navigation` (
  `Id` varchar(255) NOT NULL,
  `ParentId` varchar(255) DEFAULT NULL,
  `Level` int(11) DEFAULT NULL,
  `Name` varchar(255) DEFAULT NULL,
  `Icon` varchar(255) DEFAULT NULL,
  `Link` varchar(255) DEFAULT NULL,
  `Sort` int(11) DEFAULT NULL,
  `IsSys` int(11) DEFAULT NULL,
  `ControllerName` varchar(255) DEFAULT NULL,
  `Areas` varchar(255) DEFAULT NULL,
  PRIMARY KEY (`Id`)
) ENGINE=InnoDB DEFAULT CHARSET=utf8;

/*Data for the table `Navigation` */

insert  into `Navigation`(`Id`,`ParentId`,`Level`,`Name`,`Icon`,`Link`,`Sort`,`IsSys`,`ControllerName`,`Areas`) values ('3iS2aMGqEEqy6Z2DJDXeSA','I9fHTsbVeEmawNSbgyzG1Q',2,'组织机构','fa fa-hand-pointer-o','/CMS/News/Index',4,0,'#','SYS'),('741eWiHuT0qpN90usHfjBg','bdY8Bf4YA0uUa-O3IHSHQg',2,'封面列表','fa fa-hand-pointer-o','/CMS/News/Index',4,0,'#','CMS'),('A1LcWlkok0mvZBEiLrgScQ','bdY8Bf4YA0uUa-O3IHSHQg',2,'公告列表','fa fa-hand-pointer-o','/cms/news/index',0,0,'GG','CMS'),('bdY8Bf4YA0uUa-O3IHSHQg','0',1,'资讯管理','fa fa-clipboard','#',1,0,'News','CMS'),('I9fHTsbVeEmawNSbgyzG1Q','0',1,'系统设置','fa fa-gears','#',99,0,'#','SYS'),('imNnSDrrxUahyoP0lVucNw','I9fHTsbVeEmawNSbgyzG1Q',2,'后台用户管理','fa fa-child','/SYS/Manager/index',5,0,'Manager','SYS'),('kmA7aSIQW0m2O0v8Pin94w','I9fHTsbVeEmawNSbgyzG1Q',2,'角色管理','fa fa-group','/sys/role/index',4,0,'Role','SYS'),('PKFvoBxTSkqFhnXpR5k4zQ','I9fHTsbVeEmawNSbgyzG1Q',2,'字典管理','fa fa-tags','/sys/dicttype',3,0,'DictType,Dict','SYS'),('svwtxMblLEGBXnII1pBjKA','bdY8Bf4YA0uUa-O3IHSHQg',2,'资讯列表','fa fa-hand-pointer-o','/CMS/News/Index',1,0,'News','CMS'),('UaM_saUYwEeKG3BpSAZN_Q','bdY8Bf4YA0uUa-O3IHSHQg',2,'广告弹窗','fa fa-hand-pointer-o','/CMS/News/Index',3,0,'5','4'),('vIqymh738UiudkzI1a3b-A','I9fHTsbVeEmawNSbgyzG1Q',2,'菜单列表','fa fa-cog','/SYS/Navigation/Index',1,1,'Navigation','SYS'),('xoKLLt3Y_EmVXwko5S2sYg','I9fHTsbVeEmawNSbgyzG1Q',2,'操作日志','fa fa-language','/SYS/SysLog/Index',5,0,'SysLog','SYS');

/*Table structure for table `NavigationRole` */

DROP TABLE IF EXISTS `NavigationRole`;

CREATE TABLE `NavigationRole` (
  `Id` varchar(22) NOT NULL COMMENT '编号',
  `NId` varchar(22) NOT NULL COMMENT '菜单编号',
  `DId` varchar(22) DEFAULT NULL COMMENT '字典编号',
  `Status` int(11) DEFAULT NULL,
  PRIMARY KEY (`Id`)
) ENGINE=InnoDB DEFAULT CHARSET=utf8;

/*Data for the table `NavigationRole` */

insert  into `NavigationRole`(`Id`,`NId`,`DId`,`Status`) values ('11mkOl-So0aZKs4-5Ve1yQ','UaM_saUYwEeKG3BpSAZN_Q','epeYcEUWXkqp2EIUNI3-xQ',0),('1sOIlvFgT0-ik30V0XmlqQ','svwtxMblLEGBXnII1pBjKA','epeYcEUWXkqp2EIUNI3-xQ',1),('2jbfKXHQPke5sX5C0olYiw','kmA7aSIQW0m2O0v8Pin94w','YLd3iOA-qUuNhF1yXCsgcw',1),('41V-5pK-hUiLbLCvQZDmdw','741eWiHuT0qpN90usHfjBg','epeYcEUWXkqp2EIUNI3-xQ',1),('4i4G0mp1Gk-u9OnHqN08Dg','A9ve-PMa8UOYHajSGuHZZg','YLd3iOA-qUuNhF1yXCsgcw',0),('4Jh_ybsE9E277Hw37_-aRg','PKFvoBxTSkqFhnXpR5k4zQ','n6VdFqOfKUyjyO0HPQzn-g',1),('5-cOKTFXH0C_H7mWyJl7ZQ','svwtxMblLEGBXnII1pBjKA','YLd3iOA-qUuNhF1yXCsgcw',1),('5bKiIUAm502frfeoB5NBpw','3iS2aMGqEEqy6Z2DJDXeSA','epeYcEUWXkqp2EIUNI3-xQ',1),('5P9DEB014E6xOVCnIa8UJg','bdY8Bf4YA0uUa-O3IHSHQg','YtpdtlZKi0ahzkqHFXeYDw',1),('6K0X9CHi8ky3UIbBJeRLZw','bdY8Bf4YA0uUa-O3IHSHQg','YLd3iOA-qUuNhF1yXCsgcw',0),('87zLZNUNyEiMidd-0tQAAw','A9ve-PMa8UOYHajSGuHZZg','pOUe--NdsE2oC3218yMy9g',0),('8FPiEsx25EqBocSH4AlHFg','xoKLLt3Y_EmVXwko5S2sYg','YtpdtlZKi0ahzkqHFXeYDw',1),('A4hj4pLmYkGkebcwZ7TpDg','A1LcWlkok0mvZBEiLrgScQ','YtpdtlZKi0ahzkqHFXeYDw',1),('awiIpzI00kOWqhrUQftFgQ','imNnSDrrxUahyoP0lVucNw','epeYcEUWXkqp2EIUNI3-xQ',1),('bpYlPUC0Pkijr9ajWh-DLQ','kmA7aSIQW0m2O0v8Pin94w','YtpdtlZKi0ahzkqHFXeYDw',1),('bzkN6Bs7u0C4Lk3s-uVZRA','imNnSDrrxUahyoP0lVucNw','n6VdFqOfKUyjyO0HPQzn-g',1),('C7RNhBkSW0GJ-Lkuhty2eA','svwtxMblLEGBXnII1pBjKA','n6VdFqOfKUyjyO0HPQzn-g',1),('d4sOwpHE-E6KUIsRnd154g','I9fHTsbVeEmawNSbgyzG1Q','pOUe--NdsE2oC3218yMy9g',0),('EpSWvQfgakKPet80IeIfLA','svwtxMblLEGBXnII1pBjKA','pOUe--NdsE2oC3218yMy9g',0),('exQ2IQezskaSur3Rc5CPaQ','vIqymh738UiudkzI1a3b-A','n6VdFqOfKUyjyO0HPQzn-g',1),('F1cHLeNxJU6iMkFToA5okA','UaM_saUYwEeKG3BpSAZN_Q','YLd3iOA-qUuNhF1yXCsgcw',1),('fAZvxSvj_kyxpsWiu9rwXg','741eWiHuT0qpN90usHfjBg','n6VdFqOfKUyjyO0HPQzn-g',1),('fDnMxrVTpE6-Xq4HNPv7vA','vIqymh738UiudkzI1a3b-A','YLd3iOA-qUuNhF1yXCsgcw',1),('ffl_Ij8BPUiqILKn82nlIw','741eWiHuT0qpN90usHfjBg','YLd3iOA-qUuNhF1yXCsgcw',1),('h2pdjevChUe4JSYQRMlagA','vIqymh738UiudkzI1a3b-A','epeYcEUWXkqp2EIUNI3-xQ',1),('hMTWLSLtqUm9OG8Y5sXRFA','PKFvoBxTSkqFhnXpR5k4zQ','epeYcEUWXkqp2EIUNI3-xQ',1),('i61N8i4ByE-YjSN0jKyFsA','I9fHTsbVeEmawNSbgyzG1Q','n6VdFqOfKUyjyO0HPQzn-g',0),('IaasFM4qE0Kl9w4lxvpYgA','kmA7aSIQW0m2O0v8Pin94w','pOUe--NdsE2oC3218yMy9g',0),('IcFI65Gf3kyRb8iBoRr9hg','A1LcWlkok0mvZBEiLrgScQ','epeYcEUWXkqp2EIUNI3-xQ',1),('ieIFGrubmEqbefYH9P1LEA','bdY8Bf4YA0uUa-O3IHSHQg','n6VdFqOfKUyjyO0HPQzn-g',0),('ItoOIGZB0UOoRr7r-oVOWA','3iS2aMGqEEqy6Z2DJDXeSA','YtpdtlZKi0ahzkqHFXeYDw',1),('I_XTU1KuN0WRs3eO6O1XOA','xoKLLt3Y_EmVXwko5S2sYg','n6VdFqOfKUyjyO0HPQzn-g',0),('jA-RFy_zvki7l2_aHttWNg','bdY8Bf4YA0uUa-O3IHSHQg','epeYcEUWXkqp2EIUNI3-xQ',0),('jOxSCJjQo0-f5rAVDkTTsw','PKFvoBxTSkqFhnXpR5k4zQ','YLd3iOA-qUuNhF1yXCsgcw',1),('jS3Ft1A2f0-ZqKQJWczxiQ','I9fHTsbVeEmawNSbgyzG1Q','YLd3iOA-qUuNhF1yXCsgcw',0),('jxT4nGJjyESlThgilzPtSw','A1LcWlkok0mvZBEiLrgScQ','pOUe--NdsE2oC3218yMy9g',0),('kz6VzyJFmESag-bGaUCEcw','xoKLLt3Y_EmVXwko5S2sYg','YLd3iOA-qUuNhF1yXCsgcw',0),('L3HtlUE0NkuHds6g44IYNQ','3iS2aMGqEEqy6Z2DJDXeSA','YLd3iOA-qUuNhF1yXCsgcw',1),('m7o3OQgw4EClvGujRrMc4w','UaM_saUYwEeKG3BpSAZN_Q','YtpdtlZKi0ahzkqHFXeYDw',1),('m8FpiHmIUUetNI5CxWa5kQ','kmA7aSIQW0m2O0v8Pin94w','epeYcEUWXkqp2EIUNI3-xQ',1),('nSHSZLWHfESzdSmyL2IrSQ','imNnSDrrxUahyoP0lVucNw','YtpdtlZKi0ahzkqHFXeYDw',1),('nyhiYpow206B3TRlnW1LNw','vIqymh738UiudkzI1a3b-A','YtpdtlZKi0ahzkqHFXeYDw',1),('nz1D99c5Vkm1_yMFdVzuSQ','PKFvoBxTSkqFhnXpR5k4zQ','pOUe--NdsE2oC3218yMy9g',0),('ojS5B_MBNky96bdFb_69Fg','PKFvoBxTSkqFhnXpR5k4zQ','YtpdtlZKi0ahzkqHFXeYDw',1),('OmNUP-8Is0qY14hoXR7r7Q','A9ve-PMa8UOYHajSGuHZZg','YtpdtlZKi0ahzkqHFXeYDw',1),('qcET7Bu7cE-ZtGN1Xb3KpA','I9fHTsbVeEmawNSbgyzG1Q','YtpdtlZKi0ahzkqHFXeYDw',1),('qHDKe6GuK0q8FqWp7xl4cA','A9ve-PMa8UOYHajSGuHZZg','n6VdFqOfKUyjyO0HPQzn-g',1),('qS9Eh5V8N0Ksti08VZ9VPw','741eWiHuT0qpN90usHfjBg','pOUe--NdsE2oC3218yMy9g',0),('qWwfgRkAvk6cG3B70078yg','bdY8Bf4YA0uUa-O3IHSHQg','pOUe--NdsE2oC3218yMy9g',0),('RauanENk5UOeSmYQM_GHLA','kmA7aSIQW0m2O0v8Pin94w','n6VdFqOfKUyjyO0HPQzn-g',1),('rI_6tGmB60uCHQKW-mj6ig','svwtxMblLEGBXnII1pBjKA','YtpdtlZKi0ahzkqHFXeYDw',1),('SUbRBBA9_USB-B_yeN2jBA','imNnSDrrxUahyoP0lVucNw','YLd3iOA-qUuNhF1yXCsgcw',1),('suD76jEyf0a_7uHd5oMHSQ','A1LcWlkok0mvZBEiLrgScQ','YLd3iOA-qUuNhF1yXCsgcw',1),('TAisKchFGEOSpjTWb-apCw','imNnSDrrxUahyoP0lVucNw','pOUe--NdsE2oC3218yMy9g',0),('tc2dwmjjUk2Isuf_lukyWA','A1LcWlkok0mvZBEiLrgScQ','n6VdFqOfKUyjyO0HPQzn-g',1),('tLejDeV9Zk-TFAyxn83Vig','xoKLLt3Y_EmVXwko5S2sYg','pOUe--NdsE2oC3218yMy9g',0),('tqWsbkzrjEqJc-KaMPyd3A','I9fHTsbVeEmawNSbgyzG1Q','epeYcEUWXkqp2EIUNI3-xQ',0),('VcQGY0fGV0aA1TA8RI-CuA','A9ve-PMa8UOYHajSGuHZZg','epeYcEUWXkqp2EIUNI3-xQ',0),('wGT4qheIuEWQ4_t_9vqaNQ','UaM_saUYwEeKG3BpSAZN_Q','n6VdFqOfKUyjyO0HPQzn-g',1),('XDCnS4YZqEePPBz65N4XDA','UaM_saUYwEeKG3BpSAZN_Q','pOUe--NdsE2oC3218yMy9g',0),('XEkTOXnjeUq4YmuPt9B43w','3iS2aMGqEEqy6Z2DJDXeSA','pOUe--NdsE2oC3218yMy9g',0),('xWMFuev85kO9hpUXn_y6oQ','xoKLLt3Y_EmVXwko5S2sYg','epeYcEUWXkqp2EIUNI3-xQ',0),('zCZTCF93kEebDUPv80lgsw','vIqymh738UiudkzI1a3b-A','pOUe--NdsE2oC3218yMy9g',0),('ZIvB553-7UKSMo7nqHLKkw','741eWiHuT0qpN90usHfjBg','YtpdtlZKi0ahzkqHFXeYDw',1),('zq4-jPXE2EmfPxBnmeVShw','3iS2aMGqEEqy6Z2DJDXeSA','n6VdFqOfKUyjyO0HPQzn-g',1);

/*Table structure for table `Organization` */

DROP TABLE IF EXISTS `Organization`;

CREATE TABLE `Organization` (
  `Id` varchar(255) NOT NULL,
  `Name` varchar(255) DEFAULT NULL,
  `OrgType` int(11) DEFAULT NULL,
  `ParentId` varchar(255) DEFAULT NULL,
  PRIMARY KEY (`Id`)
) ENGINE=InnoDB DEFAULT CHARSET=utf8;

/*Data for the table `Organization` */

/*Table structure for table `Position` */

DROP TABLE IF EXISTS `Position`;

CREATE TABLE `Position` (
  `Id` varchar(255) NOT NULL,
  `Name` varchar(255) DEFAULT NULL,
  `OrgId` varchar(255) DEFAULT NULL,
  `RoleIds` varchar(255) DEFAULT NULL,
  PRIMARY KEY (`Id`)
) ENGINE=InnoDB DEFAULT CHARSET=utf8;

/*Data for the table `Position` */

/*Table structure for table `Role` */

DROP TABLE IF EXISTS `Role`;

CREATE TABLE `Role` (
  `Id` varchar(255) NOT NULL,
  `Name` varchar(255) DEFAULT NULL,
  `Description` varchar(255) DEFAULT NULL,
  PRIMARY KEY (`Id`)
) ENGINE=InnoDB DEFAULT CHARSET=utf8;

/*Data for the table `Role` */

insert  into `Role`(`Id`,`Name`,`Description`) values ('K_H9jzB3a0WGG9NM8bEkGg','admin',NULL),('MXf_J9dUNkiAonC_GST1OQ','test','11');

/*Table structure for table `RoleNavDict` */

DROP TABLE IF EXISTS `RoleNavDict`;

CREATE TABLE `RoleNavDict` (
  `Id` varchar(22) NOT NULL COMMENT '编号',
  `RId` varchar(22) NOT NULL COMMENT '角色编号',
  `NId` varchar(22) NOT NULL COMMENT '菜单编号',
  `DId` varchar(22) NOT NULL COMMENT '字典编号',
  `Status` int(11) DEFAULT NULL COMMENT '状态',
  PRIMARY KEY (`Id`)
) ENGINE=InnoDB DEFAULT CHARSET=utf8;

/*Data for the table `RoleNavDict` */

insert  into `RoleNavDict`(`Id`,`RId`,`NId`,`DId`,`Status`) values ('-gpBBYP89E-JLIsKGMErKA','7Tt__gltqUqH0jTUljzlXw','PKFvoBxTSkqFhnXpR5k4zQ','epeYcEUWXkqp2EIUNI3-xQ',0),('04W9UNsVsk-dtV7yZ4USyw','K_H9jzB3a0WGG9NM8bEkGg','741eWiHuT0qpN90usHfjBg','YtpdtlZKi0ahzkqHFXeYDw',1),('0cODTIrI-Eupbe38y3CY0Q','0gdkl5nJjEi3DmOF0mtTtg','PKFvoBxTSkqFhnXpR5k4zQ','n6VdFqOfKUyjyO0HPQzn-g',1),('0IDIZaADMUykHY6lJqFarA','K_H9jzB3a0WGG9NM8bEkGg','svwtxMblLEGBXnII1pBjKA','YLd3iOA-qUuNhF1yXCsgcw',1),('1ChasbWTRUuTwxBmf4-25A','c3tbvayr60iljvgcb1-2mw','bdY8Bf4YA0uUa-O3IHSHQg','YtpdtlZKi0ahzkqHFXeYDw',0),('1lBBd481LUuIbiVwGSKc-Q','c3tbvayr60iljvgcb1-2mw','A1LcWlkok0mvZBEiLrgScQ','YtpdtlZKi0ahzkqHFXeYDw',0),('272e4GVDV0-ZnNC7UHktbA','7Tt__gltqUqH0jTUljzlXw','svwtxMblLEGBXnII1pBjKA','YLd3iOA-qUuNhF1yXCsgcw',0),('2vW9bj4Bdki8HVvuXx73FA','0gdkl5nJjEi3DmOF0mtTtg','kmA7aSIQW0m2O0v8Pin94w','YtpdtlZKi0ahzkqHFXeYDw',0),('33ie2Esn_kuCurfVNWzY0g','Uiza8C5eCEC1j6NNuol3Kw','PKFvoBxTSkqFhnXpR5k4zQ','epeYcEUWXkqp2EIUNI3-xQ',0),('43DW5VrfJk6qRGAACtHaPg','MXf_J9dUNkiAonC_GST1OQ','741eWiHuT0qpN90usHfjBg','epeYcEUWXkqp2EIUNI3-xQ',0),('4LABRBHmaEytZ9HmvqXUhA','MXf_J9dUNkiAonC_GST1OQ','I9fHTsbVeEmawNSbgyzG1Q','YtpdtlZKi0ahzkqHFXeYDw',0),('4rgQ_WPMnEiARVv1w54YaA','0gdkl5nJjEi3DmOF0mtTtg','741eWiHuT0qpN90usHfjBg','YtpdtlZKi0ahzkqHFXeYDw',1),('5B0G_P2txkGFVbl9NJkRzg','K_H9jzB3a0WGG9NM8bEkGg','PKFvoBxTSkqFhnXpR5k4zQ','n6VdFqOfKUyjyO0HPQzn-g',1),('5ekA-giUu0OqHGvrw-R_gg','MXf_J9dUNkiAonC_GST1OQ','PKFvoBxTSkqFhnXpR5k4zQ','YtpdtlZKi0ahzkqHFXeYDw',0),('5Nx5V0ofZUG5XbMPrLChvg','K_H9jzB3a0WGG9NM8bEkGg','PKFvoBxTSkqFhnXpR5k4zQ','YLd3iOA-qUuNhF1yXCsgcw',1),('6oFfgj11Nk2-tFSRjK4XGQ','K_H9jzB3a0WGG9NM8bEkGg','kmA7aSIQW0m2O0v8Pin94w','YLd3iOA-qUuNhF1yXCsgcw',1),('6tUoBxf-nkCraRZO8CWdww','c3tbvayr60iljvgcb1-2mw','vIqymh738UiudkzI1a3b-A','YtpdtlZKi0ahzkqHFXeYDw',1),('6_uVFWYILkepo4qOsGzACQ','MXf_J9dUNkiAonC_GST1OQ','A1LcWlkok0mvZBEiLrgScQ','n6VdFqOfKUyjyO0HPQzn-g',0),('70jpa-rPsEaMKZmd8RGuAQ','0gdkl5nJjEi3DmOF0mtTtg','UaM_saUYwEeKG3BpSAZN_Q','YtpdtlZKi0ahzkqHFXeYDw',1),('76ZIv8jOiUqmVH1tQ0eCKA','MXf_J9dUNkiAonC_GST1OQ','3iS2aMGqEEqy6Z2DJDXeSA','epeYcEUWXkqp2EIUNI3-xQ',0),('77_h9bhCBkepyKfvtKWiKg','Uiza8C5eCEC1j6NNuol3Kw','PKFvoBxTSkqFhnXpR5k4zQ','YtpdtlZKi0ahzkqHFXeYDw',0),('7kJZTdFYjkOgnHkXBzuslA','c3tbvayr60iljvgcb1-2mw','3iS2aMGqEEqy6Z2DJDXeSA','YLd3iOA-qUuNhF1yXCsgcw',1),('7qNUYokMxkuLFpiTYawGVg','c3tbvayr60iljvgcb1-2mw','vIqymh738UiudkzI1a3b-A','epeYcEUWXkqp2EIUNI3-xQ',1),('7RJnJkMD4USwIjVsBLgcMg','K_H9jzB3a0WGG9NM8bEkGg','A1LcWlkok0mvZBEiLrgScQ','n6VdFqOfKUyjyO0HPQzn-g',1),('823TsWqm20yZdo4aWPUGDg','0gdkl5nJjEi3DmOF0mtTtg','3iS2aMGqEEqy6Z2DJDXeSA','epeYcEUWXkqp2EIUNI3-xQ',0),('83snYowBG0yZvqIUUg2neg','MXf_J9dUNkiAonC_GST1OQ','PKFvoBxTSkqFhnXpR5k4zQ','epeYcEUWXkqp2EIUNI3-xQ',0),('86mveW69KkC4lzaFloyqxQ','Uiza8C5eCEC1j6NNuol3Kw','741eWiHuT0qpN90usHfjBg','n6VdFqOfKUyjyO0HPQzn-g',0),('8r-eOPyza0KTertTeWjiDw','Uiza8C5eCEC1j6NNuol3Kw','kmA7aSIQW0m2O0v8Pin94w','epeYcEUWXkqp2EIUNI3-xQ',0),('93lQFr9JWEejRmLH4RHzPA','MXf_J9dUNkiAonC_GST1OQ','kmA7aSIQW0m2O0v8Pin94w','epeYcEUWXkqp2EIUNI3-xQ',0),('9ijLP7kPQEKmdx83hrBfpg','c3tbvayr60iljvgcb1-2mw','PKFvoBxTSkqFhnXpR5k4zQ','n6VdFqOfKUyjyO0HPQzn-g',1),('9KZ78_NCO0WrX03iCZD2DA','c3tbvayr60iljvgcb1-2mw','svwtxMblLEGBXnII1pBjKA','YLd3iOA-qUuNhF1yXCsgcw',0),('9L66Rf0LCUmFZi0T0v8vHQ','K_H9jzB3a0WGG9NM8bEkGg','3iS2aMGqEEqy6Z2DJDXeSA','epeYcEUWXkqp2EIUNI3-xQ',1),('9_C8jd0vzEqz-j_2FEPP_g','0gdkl5nJjEi3DmOF0mtTtg','A1LcWlkok0mvZBEiLrgScQ','epeYcEUWXkqp2EIUNI3-xQ',1),('A-N4Hgq53UO5cnlY9jCoQg','K_H9jzB3a0WGG9NM8bEkGg','PKFvoBxTSkqFhnXpR5k4zQ','YtpdtlZKi0ahzkqHFXeYDw',1),('aAg_yGTKAk-CHByIjKi5Ww','K_H9jzB3a0WGG9NM8bEkGg','3iS2aMGqEEqy6Z2DJDXeSA','YLd3iOA-qUuNhF1yXCsgcw',1),('ALLyU-468kiRV-RY9lEC_Q','c3tbvayr60iljvgcb1-2mw','PKFvoBxTSkqFhnXpR5k4zQ','epeYcEUWXkqp2EIUNI3-xQ',0),('AoZIGQeOKEmsxyKdmNayTg','MXf_J9dUNkiAonC_GST1OQ','741eWiHuT0qpN90usHfjBg','n6VdFqOfKUyjyO0HPQzn-g',0),('ARX57cWHbECx2njhCeNIEA','MXf_J9dUNkiAonC_GST1OQ','imNnSDrrxUahyoP0lVucNw','n6VdFqOfKUyjyO0HPQzn-g',0),('AW5GhhWtEUOmqbJBgj5OjA','Uiza8C5eCEC1j6NNuol3Kw','A1LcWlkok0mvZBEiLrgScQ','YLd3iOA-qUuNhF1yXCsgcw',0),('axGiScHQ0EqpKjJgLPM0_g','K_H9jzB3a0WGG9NM8bEkGg','741eWiHuT0qpN90usHfjBg','n6VdFqOfKUyjyO0HPQzn-g',1),('B51EPy0mOUKjcRBGN6ZzFg','0gdkl5nJjEi3DmOF0mtTtg','741eWiHuT0qpN90usHfjBg','YLd3iOA-qUuNhF1yXCsgcw',1),('bazwt1LLSUmXnXVvvnEd8g','0gdkl5nJjEi3DmOF0mtTtg','svwtxMblLEGBXnII1pBjKA','epeYcEUWXkqp2EIUNI3-xQ',1),('BeB_8gkDPkC0hbnqmXwJdg','MXf_J9dUNkiAonC_GST1OQ','svwtxMblLEGBXnII1pBjKA','n6VdFqOfKUyjyO0HPQzn-g',0),('BF26mvNO6UajjmKvi2twwQ','MXf_J9dUNkiAonC_GST1OQ','bdY8Bf4YA0uUa-O3IHSHQg','YtpdtlZKi0ahzkqHFXeYDw',0),('BhDO3kyJDkmO732cinx3dw','Uiza8C5eCEC1j6NNuol3Kw','PKFvoBxTSkqFhnXpR5k4zQ','YLd3iOA-qUuNhF1yXCsgcw',0),('BIsDPZy_YE-EMVL4qh-1uA','0gdkl5nJjEi3DmOF0mtTtg','A1LcWlkok0mvZBEiLrgScQ','YtpdtlZKi0ahzkqHFXeYDw',1),('Bkn6AjeGJUSFaj7AfdCKrw','K_H9jzB3a0WGG9NM8bEkGg','xoKLLt3Y_EmVXwko5S2sYg','YtpdtlZKi0ahzkqHFXeYDw',1),('BtZqxEq9GU2mrFANQnMW7Q','K_H9jzB3a0WGG9NM8bEkGg','kmA7aSIQW0m2O0v8Pin94w','n6VdFqOfKUyjyO0HPQzn-g',1),('c40uyn8ou0uPt5OyL29DFA','Uiza8C5eCEC1j6NNuol3Kw','kmA7aSIQW0m2O0v8Pin94w','n6VdFqOfKUyjyO0HPQzn-g',0),('c5-dv5TceU2oByJuwKeBZg','MXf_J9dUNkiAonC_GST1OQ','741eWiHuT0qpN90usHfjBg','YtpdtlZKi0ahzkqHFXeYDw',0),('CVVN-HRuJkCZBz7PAo2zFA','c3tbvayr60iljvgcb1-2mw','PKFvoBxTSkqFhnXpR5k4zQ','YtpdtlZKi0ahzkqHFXeYDw',1),('czFS0oJoQUWuWIgD7Ys7PA','0gdkl5nJjEi3DmOF0mtTtg','vIqymh738UiudkzI1a3b-A','n6VdFqOfKUyjyO0HPQzn-g',0),('C__efbKUdUqV6nF7LSFEqw','7Tt__gltqUqH0jTUljzlXw','svwtxMblLEGBXnII1pBjKA','n6VdFqOfKUyjyO0HPQzn-g',0),('daCS2LFncE-FHQw-WUfptw','K_H9jzB3a0WGG9NM8bEkGg','PKFvoBxTSkqFhnXpR5k4zQ','epeYcEUWXkqp2EIUNI3-xQ',1),('dgVW3VURgkaWGzUF_176-A','0gdkl5nJjEi3DmOF0mtTtg','svwtxMblLEGBXnII1pBjKA','YtpdtlZKi0ahzkqHFXeYDw',1),('DkOuWHqKEEau_cotTKI-2g','MXf_J9dUNkiAonC_GST1OQ','3iS2aMGqEEqy6Z2DJDXeSA','YLd3iOA-qUuNhF1yXCsgcw',0),('Drfolrts8UqXo8jHZZTQDQ','7Tt__gltqUqH0jTUljzlXw','svwtxMblLEGBXnII1pBjKA','epeYcEUWXkqp2EIUNI3-xQ',1),('DX76SSiQaEOPu8O9eK0wQg','7Tt__gltqUqH0jTUljzlXw','xoKLLt3Y_EmVXwko5S2sYg','YtpdtlZKi0ahzkqHFXeYDw',0),('EAGNj8aYaEy3h4FBQQfKZQ','MXf_J9dUNkiAonC_GST1OQ','kmA7aSIQW0m2O0v8Pin94w','YtpdtlZKi0ahzkqHFXeYDw',0),('eDfslg7zrEKsmtNHeDP1IQ','7Tt__gltqUqH0jTUljzlXw','svwtxMblLEGBXnII1pBjKA','YtpdtlZKi0ahzkqHFXeYDw',0),('eFVcMdiPXk6x7PUjn9vB7g','Uiza8C5eCEC1j6NNuol3Kw','svwtxMblLEGBXnII1pBjKA','epeYcEUWXkqp2EIUNI3-xQ',0),('EGADwXyOe0eeee48qRopIA','7Tt__gltqUqH0jTUljzlXw','UaM_saUYwEeKG3BpSAZN_Q','n6VdFqOfKUyjyO0HPQzn-g',0),('EHIm8Y8fyE2PHHUljt1GLg','0gdkl5nJjEi3DmOF0mtTtg','A1LcWlkok0mvZBEiLrgScQ','YLd3iOA-qUuNhF1yXCsgcw',1),('eogL4FpOxEKX5pFW88BEpg','Uiza8C5eCEC1j6NNuol3Kw','svwtxMblLEGBXnII1pBjKA','YLd3iOA-qUuNhF1yXCsgcw',0),('Eu7LfEuwcUm80naVrpjQHQ','c3tbvayr60iljvgcb1-2mw','A1LcWlkok0mvZBEiLrgScQ','YLd3iOA-qUuNhF1yXCsgcw',0),('eXjpkqDBBk6v8d87n7Mzng','MXf_J9dUNkiAonC_GST1OQ','vIqymh738UiudkzI1a3b-A','n6VdFqOfKUyjyO0HPQzn-g',0),('EzY2dmTh50CFjv59kPcJvQ','Uiza8C5eCEC1j6NNuol3Kw','PKFvoBxTSkqFhnXpR5k4zQ','n6VdFqOfKUyjyO0HPQzn-g',0),('f3gsExZsLUOpXqIbEdw4wg','7Tt__gltqUqH0jTUljzlXw','A1LcWlkok0mvZBEiLrgScQ','epeYcEUWXkqp2EIUNI3-xQ',1),('F6QBzbA5jUGUNafUXzSV9A','7Tt__gltqUqH0jTUljzlXw','A1LcWlkok0mvZBEiLrgScQ','n6VdFqOfKUyjyO0HPQzn-g',1),('FbAhFEkCM02q6MOYoWLdpQ','c3tbvayr60iljvgcb1-2mw','A1LcWlkok0mvZBEiLrgScQ','n6VdFqOfKUyjyO0HPQzn-g',0),('FENhS4nJe06a8fb9f0pRAg','Uiza8C5eCEC1j6NNuol3Kw','vIqymh738UiudkzI1a3b-A','epeYcEUWXkqp2EIUNI3-xQ',0),('FEo862r9HkuevmAFSmUk0w','MXf_J9dUNkiAonC_GST1OQ','PKFvoBxTSkqFhnXpR5k4zQ','n6VdFqOfKUyjyO0HPQzn-g',0),('fKHLbmIKikOfmX1bvVWE3A','c3tbvayr60iljvgcb1-2mw','imNnSDrrxUahyoP0lVucNw','epeYcEUWXkqp2EIUNI3-xQ',1),('FmjGnqPfp0OAlNkO63Bl8A','c3tbvayr60iljvgcb1-2mw','svwtxMblLEGBXnII1pBjKA','YtpdtlZKi0ahzkqHFXeYDw',0),('fPhwJ2wUB0qyzlrhCf-q6A','c3tbvayr60iljvgcb1-2mw','741eWiHuT0qpN90usHfjBg','YLd3iOA-qUuNhF1yXCsgcw',0),('fqD4m0_nsEKPgCYvrPuEtg','7Tt__gltqUqH0jTUljzlXw','A1LcWlkok0mvZBEiLrgScQ','YtpdtlZKi0ahzkqHFXeYDw',0),('fzLfMI6hk0Ound-6wmuOqQ','Uiza8C5eCEC1j6NNuol3Kw','svwtxMblLEGBXnII1pBjKA','YtpdtlZKi0ahzkqHFXeYDw',0),('g5597vWgUE2pdzKoDm7YPQ','Uiza8C5eCEC1j6NNuol3Kw','vIqymh738UiudkzI1a3b-A','n6VdFqOfKUyjyO0HPQzn-g',0),('GmsPeLc7dUuMTbtDOahxhw','K_H9jzB3a0WGG9NM8bEkGg','imNnSDrrxUahyoP0lVucNw','YLd3iOA-qUuNhF1yXCsgcw',1),('GOot9GZUNUqyYa7dHoTveA','Uiza8C5eCEC1j6NNuol3Kw','kmA7aSIQW0m2O0v8Pin94w','YLd3iOA-qUuNhF1yXCsgcw',0),('gOQCGvptKEmNyy_rJq1LNQ','0gdkl5nJjEi3DmOF0mtTtg','vIqymh738UiudkzI1a3b-A','YtpdtlZKi0ahzkqHFXeYDw',0),('GsbbpPb2UkGRwXVh6ZgsYg','0gdkl5nJjEi3DmOF0mtTtg','741eWiHuT0qpN90usHfjBg','n6VdFqOfKUyjyO0HPQzn-g',1),('GSYUM8ig5UyFslRu2tpUaA','7Tt__gltqUqH0jTUljzlXw','3iS2aMGqEEqy6Z2DJDXeSA','n6VdFqOfKUyjyO0HPQzn-g',0),('GtqJekDnNEaK2nfeO1JBEw','Uiza8C5eCEC1j6NNuol3Kw','A1LcWlkok0mvZBEiLrgScQ','n6VdFqOfKUyjyO0HPQzn-g',0),('h6C3ySTNlEq3DvKE76Sq5A','0gdkl5nJjEi3DmOF0mtTtg','bdY8Bf4YA0uUa-O3IHSHQg','YtpdtlZKi0ahzkqHFXeYDw',1),('HBAxt3r4S060Tg1geOK43A','c3tbvayr60iljvgcb1-2mw','kmA7aSIQW0m2O0v8Pin94w','YLd3iOA-qUuNhF1yXCsgcw',0),('hfJY26thRUis6nr9yMwWrg','MXf_J9dUNkiAonC_GST1OQ','A1LcWlkok0mvZBEiLrgScQ','YLd3iOA-qUuNhF1yXCsgcw',0),('HI9h2cG9tUyT8T9wPCZ50g','7Tt__gltqUqH0jTUljzlXw','vIqymh738UiudkzI1a3b-A','YLd3iOA-qUuNhF1yXCsgcw',0),('HMDJSFj72UyWyo1Cmjk7GA','c3tbvayr60iljvgcb1-2mw','svwtxMblLEGBXnII1pBjKA','n6VdFqOfKUyjyO0HPQzn-g',0),('HrxpGH1zjU-ErUnPati8nA','Uiza8C5eCEC1j6NNuol3Kw','vIqymh738UiudkzI1a3b-A','YLd3iOA-qUuNhF1yXCsgcw',0),('hTG_Z2Fv0UyQFBIWgEK3Ig','c3tbvayr60iljvgcb1-2mw','kmA7aSIQW0m2O0v8Pin94w','YtpdtlZKi0ahzkqHFXeYDw',1),('huvaXuO7W0-baBOIiQe80g','7Tt__gltqUqH0jTUljzlXw','3iS2aMGqEEqy6Z2DJDXeSA','epeYcEUWXkqp2EIUNI3-xQ',1),('Hwj9dmvKS0S4hd-L-BxKmw','MXf_J9dUNkiAonC_GST1OQ','UaM_saUYwEeKG3BpSAZN_Q','YtpdtlZKi0ahzkqHFXeYDw',0),('HXpI_yfSqkaQxRq3KG4Axw','c3tbvayr60iljvgcb1-2mw','UaM_saUYwEeKG3BpSAZN_Q','YtpdtlZKi0ahzkqHFXeYDw',0),('i2MJhj2BzUCdIyVEyLwQzw','K_H9jzB3a0WGG9NM8bEkGg','3iS2aMGqEEqy6Z2DJDXeSA','n6VdFqOfKUyjyO0HPQzn-g',1),('ii7o5u-3W0qH5oxMH4N6ow','7Tt__gltqUqH0jTUljzlXw','vIqymh738UiudkzI1a3b-A','n6VdFqOfKUyjyO0HPQzn-g',0),('IkruVpob4kq0C5f5A8Mssg','7Tt__gltqUqH0jTUljzlXw','A1LcWlkok0mvZBEiLrgScQ','YLd3iOA-qUuNhF1yXCsgcw',0),('IL1B07t_Wku1RhQEsziKRg','7Tt__gltqUqH0jTUljzlXw','kmA7aSIQW0m2O0v8Pin94w','YtpdtlZKi0ahzkqHFXeYDw',0),('IlWeZB3MZ02jw0QUmxCq2A','0gdkl5nJjEi3DmOF0mtTtg','imNnSDrrxUahyoP0lVucNw','n6VdFqOfKUyjyO0HPQzn-g',0),('iMwi1O4odEKlKcAPwJ4DFw','7Tt__gltqUqH0jTUljzlXw','vIqymh738UiudkzI1a3b-A','epeYcEUWXkqp2EIUNI3-xQ',1),('IMZcsPgFY0ikQdEON7rdjg','Uiza8C5eCEC1j6NNuol3Kw','3iS2aMGqEEqy6Z2DJDXeSA','YtpdtlZKi0ahzkqHFXeYDw',0),('IZdYjlAnokqVMtjPwkZAIQ','MXf_J9dUNkiAonC_GST1OQ','A1LcWlkok0mvZBEiLrgScQ','epeYcEUWXkqp2EIUNI3-xQ',0),('j1T-dr8GRUO75KyGY9vxJA','7Tt__gltqUqH0jTUljzlXw','UaM_saUYwEeKG3BpSAZN_Q','YLd3iOA-qUuNhF1yXCsgcw',0),('jkfI9qZx1E2O9fmEkN2PNQ','Uiza8C5eCEC1j6NNuol3Kw','A1LcWlkok0mvZBEiLrgScQ','epeYcEUWXkqp2EIUNI3-xQ',0),('jow14VAau0C9WCltwNuJag','7Tt__gltqUqH0jTUljzlXw','PKFvoBxTSkqFhnXpR5k4zQ','n6VdFqOfKUyjyO0HPQzn-g',0),('jU6PCuSAKkuxucKOACDshw','7Tt__gltqUqH0jTUljzlXw','kmA7aSIQW0m2O0v8Pin94w','epeYcEUWXkqp2EIUNI3-xQ',0),('JuHHbIEAF0Kws2roWAW8qQ','Uiza8C5eCEC1j6NNuol3Kw','3iS2aMGqEEqy6Z2DJDXeSA','epeYcEUWXkqp2EIUNI3-xQ',0),('JWOB0_8BA0WIM5oMHJ9Gpw','0gdkl5nJjEi3DmOF0mtTtg','I9fHTsbVeEmawNSbgyzG1Q','YtpdtlZKi0ahzkqHFXeYDw',0),('kcz7pQFGrU2psZ10OFLH8w','Uiza8C5eCEC1j6NNuol3Kw','I9fHTsbVeEmawNSbgyzG1Q','YtpdtlZKi0ahzkqHFXeYDw',0),('kDyTJFjUeU-F2Z1KEqMVzw','MXf_J9dUNkiAonC_GST1OQ','imNnSDrrxUahyoP0lVucNw','YtpdtlZKi0ahzkqHFXeYDw',0),('KMOUx1bYJkSs0Jqtmhvi6g','0gdkl5nJjEi3DmOF0mtTtg','PKFvoBxTSkqFhnXpR5k4zQ','YLd3iOA-qUuNhF1yXCsgcw',1),('KOElauyc7ES8mi6MWrjdXA','Uiza8C5eCEC1j6NNuol3Kw','741eWiHuT0qpN90usHfjBg','YLd3iOA-qUuNhF1yXCsgcw',0),('KQ0QjlDSNEmvX_9xm9nVTQ','MXf_J9dUNkiAonC_GST1OQ','svwtxMblLEGBXnII1pBjKA','YtpdtlZKi0ahzkqHFXeYDw',0),('KYCPeoecg0WXpBHQisuOKw','Uiza8C5eCEC1j6NNuol3Kw','741eWiHuT0qpN90usHfjBg','YtpdtlZKi0ahzkqHFXeYDw',0),('l5_-fwqDG0KsSFbC18NFgA','c3tbvayr60iljvgcb1-2mw','741eWiHuT0qpN90usHfjBg','n6VdFqOfKUyjyO0HPQzn-g',0),('LG7HE_fZbk-oOQOuDqwVVQ','K_H9jzB3a0WGG9NM8bEkGg','3iS2aMGqEEqy6Z2DJDXeSA','YtpdtlZKi0ahzkqHFXeYDw',1),('Ljeai4-8o0CuuvYVsAqmAA','0gdkl5nJjEi3DmOF0mtTtg','3iS2aMGqEEqy6Z2DJDXeSA','YtpdtlZKi0ahzkqHFXeYDw',0),('lnSMLvuydUu6C0-C9XYP-w','7Tt__gltqUqH0jTUljzlXw','UaM_saUYwEeKG3BpSAZN_Q','YtpdtlZKi0ahzkqHFXeYDw',0),('lsHM-5uyj0OvB8edaNXPdA','K_H9jzB3a0WGG9NM8bEkGg','A1LcWlkok0mvZBEiLrgScQ','YLd3iOA-qUuNhF1yXCsgcw',1),('LtyC4RH9pUu15_ezAlhW7Q','0gdkl5nJjEi3DmOF0mtTtg','svwtxMblLEGBXnII1pBjKA','YLd3iOA-qUuNhF1yXCsgcw',1),('lUh2TlXWQ0iij0quSfv1xw','c3tbvayr60iljvgcb1-2mw','svwtxMblLEGBXnII1pBjKA','epeYcEUWXkqp2EIUNI3-xQ',0),('L_I-mlyksUOU3qh_nacAlw','K_H9jzB3a0WGG9NM8bEkGg','bdY8Bf4YA0uUa-O3IHSHQg','YtpdtlZKi0ahzkqHFXeYDw',1),('M1R8yfZcGEqTpbJKmyALLg','K_H9jzB3a0WGG9NM8bEkGg','UaM_saUYwEeKG3BpSAZN_Q','YLd3iOA-qUuNhF1yXCsgcw',1),('Mme_V6zoRUmYk36RqpWm6A','0gdkl5nJjEi3DmOF0mtTtg','imNnSDrrxUahyoP0lVucNw','YLd3iOA-qUuNhF1yXCsgcw',0),('MT-7tnMoKUGiBZQUARwv0g','0gdkl5nJjEi3DmOF0mtTtg','kmA7aSIQW0m2O0v8Pin94w','n6VdFqOfKUyjyO0HPQzn-g',0),('MyKGfBr79UqNiHSIr70D5Q','K_H9jzB3a0WGG9NM8bEkGg','741eWiHuT0qpN90usHfjBg','epeYcEUWXkqp2EIUNI3-xQ',1),('N0zkt9k5dU2Cv55BuntZrA','c3tbvayr60iljvgcb1-2mw','3iS2aMGqEEqy6Z2DJDXeSA','YtpdtlZKi0ahzkqHFXeYDw',1),('n2nwSvosZUi6_zifVe49QA','MXf_J9dUNkiAonC_GST1OQ','UaM_saUYwEeKG3BpSAZN_Q','n6VdFqOfKUyjyO0HPQzn-g',0),('NBxMqKaWJkm30SZ2q9zMnA','MXf_J9dUNkiAonC_GST1OQ','kmA7aSIQW0m2O0v8Pin94w','YLd3iOA-qUuNhF1yXCsgcw',0),('ndGn9vkqkU2a0uqyyI9KvA','0gdkl5nJjEi3DmOF0mtTtg','svwtxMblLEGBXnII1pBjKA','n6VdFqOfKUyjyO0HPQzn-g',1),('NjnbrsO08Ua25aBXiGL1ew','0gdkl5nJjEi3DmOF0mtTtg','A1LcWlkok0mvZBEiLrgScQ','n6VdFqOfKUyjyO0HPQzn-g',1),('nlWOIDKWFkmIkZfLUtf-NA','c3tbvayr60iljvgcb1-2mw','I9fHTsbVeEmawNSbgyzG1Q','YtpdtlZKi0ahzkqHFXeYDw',1),('nuyVMlS6pUKYipbZL6X4RA','7Tt__gltqUqH0jTUljzlXw','I9fHTsbVeEmawNSbgyzG1Q','YtpdtlZKi0ahzkqHFXeYDw',0),('nXOZIgj3qkGgojiJCcuNJQ','K_H9jzB3a0WGG9NM8bEkGg','vIqymh738UiudkzI1a3b-A','YLd3iOA-qUuNhF1yXCsgcw',1),('o99vC37ks0mZIriyHYrLwQ','c3tbvayr60iljvgcb1-2mw','PKFvoBxTSkqFhnXpR5k4zQ','YLd3iOA-qUuNhF1yXCsgcw',1),('oGkeKu4OQkmsIucBfXGacg','K_H9jzB3a0WGG9NM8bEkGg','A1LcWlkok0mvZBEiLrgScQ','epeYcEUWXkqp2EIUNI3-xQ',1),('Oke-DDA2LkSDu0m-VC2l2g','7Tt__gltqUqH0jTUljzlXw','741eWiHuT0qpN90usHfjBg','n6VdFqOfKUyjyO0HPQzn-g',1),('OTtbpEePY0uWhzdUY0fUMQ','c3tbvayr60iljvgcb1-2mw','vIqymh738UiudkzI1a3b-A','n6VdFqOfKUyjyO0HPQzn-g',1),('OVnwnC_gN0KPNsiv_Hbg0g','MXf_J9dUNkiAonC_GST1OQ','vIqymh738UiudkzI1a3b-A','YLd3iOA-qUuNhF1yXCsgcw',0),('oyhNVK6f80aTzox8Dj_VFw','0gdkl5nJjEi3DmOF0mtTtg','741eWiHuT0qpN90usHfjBg','epeYcEUWXkqp2EIUNI3-xQ',1),('o_VbYQ-5wka8BB64dYRyKQ','c3tbvayr60iljvgcb1-2mw','xoKLLt3Y_EmVXwko5S2sYg','YtpdtlZKi0ahzkqHFXeYDw',1),('phyJIPdSAkSXaBJ6C3yQvA','c3tbvayr60iljvgcb1-2mw','vIqymh738UiudkzI1a3b-A','YLd3iOA-qUuNhF1yXCsgcw',1),('PMAKcTiXWUOLy-5xzVd5ig','c3tbvayr60iljvgcb1-2mw','3iS2aMGqEEqy6Z2DJDXeSA','epeYcEUWXkqp2EIUNI3-xQ',1),('pPbY-E_h3kq30RPdawn_IQ','Uiza8C5eCEC1j6NNuol3Kw','UaM_saUYwEeKG3BpSAZN_Q','YtpdtlZKi0ahzkqHFXeYDw',0),('pvjdChDwxk6ON5pJ0WzLFg','0gdkl5nJjEi3DmOF0mtTtg','3iS2aMGqEEqy6Z2DJDXeSA','n6VdFqOfKUyjyO0HPQzn-g',1),('q8Ablt0Z30OXaHosSvZ2_Q','c3tbvayr60iljvgcb1-2mw','741eWiHuT0qpN90usHfjBg','epeYcEUWXkqp2EIUNI3-xQ',0),('QC1LmciSWkK7J9Ubnv69PA','c3tbvayr60iljvgcb1-2mw','A1LcWlkok0mvZBEiLrgScQ','epeYcEUWXkqp2EIUNI3-xQ',0),('QkFmzav4XkSEVLFGmsScYQ','MXf_J9dUNkiAonC_GST1OQ','imNnSDrrxUahyoP0lVucNw','epeYcEUWXkqp2EIUNI3-xQ',0),('QKJPz4sy7Uq-gZDNvcze7A','K_H9jzB3a0WGG9NM8bEkGg','A1LcWlkok0mvZBEiLrgScQ','YtpdtlZKi0ahzkqHFXeYDw',1),('Qkp_bw9DIkOVNmnYc30qUw','c3tbvayr60iljvgcb1-2mw','3iS2aMGqEEqy6Z2DJDXeSA','n6VdFqOfKUyjyO0HPQzn-g',0),('QPvDxdMiJk2lhHmroeWPgw','c3tbvayr60iljvgcb1-2mw','kmA7aSIQW0m2O0v8Pin94w','epeYcEUWXkqp2EIUNI3-xQ',1),('qSAxCGEPg0ClchCJDGb1Eg','c3tbvayr60iljvgcb1-2mw','imNnSDrrxUahyoP0lVucNw','YLd3iOA-qUuNhF1yXCsgcw',1),('qtq48c81n0KOGW3Ew_O00A','K_H9jzB3a0WGG9NM8bEkGg','741eWiHuT0qpN90usHfjBg','YLd3iOA-qUuNhF1yXCsgcw',1),('qu_E_Ogyz0mahbacIMqgZw','K_H9jzB3a0WGG9NM8bEkGg','UaM_saUYwEeKG3BpSAZN_Q','YtpdtlZKi0ahzkqHFXeYDw',1),('R1QvAmJWXEmTzu2EaZbZ6w','0gdkl5nJjEi3DmOF0mtTtg','PKFvoBxTSkqFhnXpR5k4zQ','epeYcEUWXkqp2EIUNI3-xQ',0),('RlmvPY72B0WeoKtm5q8D-Q','Uiza8C5eCEC1j6NNuol3Kw','A1LcWlkok0mvZBEiLrgScQ','YtpdtlZKi0ahzkqHFXeYDw',0),('RMHlxAvRXkyQZ-6N0cn4iQ','K_H9jzB3a0WGG9NM8bEkGg','svwtxMblLEGBXnII1pBjKA','YtpdtlZKi0ahzkqHFXeYDw',1),('Rs4ZDT53L0WW4UYNxkXdlw','Uiza8C5eCEC1j6NNuol3Kw','vIqymh738UiudkzI1a3b-A','YtpdtlZKi0ahzkqHFXeYDw',0),('RTiKbTn8N0SGyRTuVXjtig','Uiza8C5eCEC1j6NNuol3Kw','UaM_saUYwEeKG3BpSAZN_Q','n6VdFqOfKUyjyO0HPQzn-g',0),('rvu1Ld1bTEqQ0tYJyO27kw','Uiza8C5eCEC1j6NNuol3Kw','svwtxMblLEGBXnII1pBjKA','n6VdFqOfKUyjyO0HPQzn-g',0),('S3ATI8QpQU2HX37DnOOmFg','0gdkl5nJjEi3DmOF0mtTtg','UaM_saUYwEeKG3BpSAZN_Q','YLd3iOA-qUuNhF1yXCsgcw',1),('S75qvcv_S0-oF0JO9vk-KQ','MXf_J9dUNkiAonC_GST1OQ','UaM_saUYwEeKG3BpSAZN_Q','YLd3iOA-qUuNhF1yXCsgcw',0),('SdG5J44Z4UutwHCxZHxmAg','c3tbvayr60iljvgcb1-2mw','kmA7aSIQW0m2O0v8Pin94w','n6VdFqOfKUyjyO0HPQzn-g',1),('sGNJPM0dG0eRQ3_QfoTBHw','MXf_J9dUNkiAonC_GST1OQ','xoKLLt3Y_EmVXwko5S2sYg','YtpdtlZKi0ahzkqHFXeYDw',0),('shzbl6wOdEeNytfrO6oOXA','c3tbvayr60iljvgcb1-2mw','imNnSDrrxUahyoP0lVucNw','YtpdtlZKi0ahzkqHFXeYDw',0),('SrS5DsPWt02cA5ypcTgp1g','7Tt__gltqUqH0jTUljzlXw','3iS2aMGqEEqy6Z2DJDXeSA','YtpdtlZKi0ahzkqHFXeYDw',0),('sXVsZHbV_0CZ4F0sEGN6MQ','K_H9jzB3a0WGG9NM8bEkGg','vIqymh738UiudkzI1a3b-A','epeYcEUWXkqp2EIUNI3-xQ',1),('SZwB5bj43UmIhw7obrihiA','c3tbvayr60iljvgcb1-2mw','UaM_saUYwEeKG3BpSAZN_Q','n6VdFqOfKUyjyO0HPQzn-g',0),('t2IH962yZkqRFlpHpr9kGA','MXf_J9dUNkiAonC_GST1OQ','imNnSDrrxUahyoP0lVucNw','YLd3iOA-qUuNhF1yXCsgcw',0),('tIwkKuuBK0um2LWJDVaGkw','MXf_J9dUNkiAonC_GST1OQ','vIqymh738UiudkzI1a3b-A','epeYcEUWXkqp2EIUNI3-xQ',0),('tP_1RHd8lU2Fupu1DLrHTA','K_H9jzB3a0WGG9NM8bEkGg','imNnSDrrxUahyoP0lVucNw','epeYcEUWXkqp2EIUNI3-xQ',0),('TT7vg5dGvEGCF42jMQo3ow','K_H9jzB3a0WGG9NM8bEkGg','kmA7aSIQW0m2O0v8Pin94w','epeYcEUWXkqp2EIUNI3-xQ',1),('TtO0tE2DE0u0ZjLQ0-2leg','K_H9jzB3a0WGG9NM8bEkGg','imNnSDrrxUahyoP0lVucNw','n6VdFqOfKUyjyO0HPQzn-g',1),('TXh8W7mnAUmzhApmPjmEWA','0gdkl5nJjEi3DmOF0mtTtg','3iS2aMGqEEqy6Z2DJDXeSA','YLd3iOA-qUuNhF1yXCsgcw',1),('U1E008mwD06sWBlFz10tkA','MXf_J9dUNkiAonC_GST1OQ','vIqymh738UiudkzI1a3b-A','YtpdtlZKi0ahzkqHFXeYDw',0),('uBozfOsb8UCuYfzwt7fWHw','K_H9jzB3a0WGG9NM8bEkGg','vIqymh738UiudkzI1a3b-A','n6VdFqOfKUyjyO0HPQzn-g',1),('UotnAracFEW0iOl3zdD2oA','K_H9jzB3a0WGG9NM8bEkGg','kmA7aSIQW0m2O0v8Pin94w','YtpdtlZKi0ahzkqHFXeYDw',1),('UTPKw58iSkqZ5nJ9acghdA','Uiza8C5eCEC1j6NNuol3Kw','kmA7aSIQW0m2O0v8Pin94w','YtpdtlZKi0ahzkqHFXeYDw',0),('uTyOjRMUfkqzA-qWxVqk3Q','K_H9jzB3a0WGG9NM8bEkGg','vIqymh738UiudkzI1a3b-A','YtpdtlZKi0ahzkqHFXeYDw',1),('UwfTAtcQSkyyni05uOgexQ','K_H9jzB3a0WGG9NM8bEkGg','UaM_saUYwEeKG3BpSAZN_Q','n6VdFqOfKUyjyO0HPQzn-g',1),('v6k_Y7wSGkSsjt1zwsrTsw','MXf_J9dUNkiAonC_GST1OQ','svwtxMblLEGBXnII1pBjKA','epeYcEUWXkqp2EIUNI3-xQ',0),('veINKmYDTUiSlWQHlkKNJQ','0gdkl5nJjEi3DmOF0mtTtg','kmA7aSIQW0m2O0v8Pin94w','YLd3iOA-qUuNhF1yXCsgcw',0),('vIzXlxCZhkyA7rTpeDQXRw','0gdkl5nJjEi3DmOF0mtTtg','xoKLLt3Y_EmVXwko5S2sYg','YtpdtlZKi0ahzkqHFXeYDw',0),('VPotOXHCa0iFjMBedjrt9g','c3tbvayr60iljvgcb1-2mw','741eWiHuT0qpN90usHfjBg','YtpdtlZKi0ahzkqHFXeYDw',0),('vuKgi85MLUOrXDf6lHl0uQ','Uiza8C5eCEC1j6NNuol3Kw','xoKLLt3Y_EmVXwko5S2sYg','YtpdtlZKi0ahzkqHFXeYDw',0),('W-bCmxUHMkmvR9EugPKrHA','Uiza8C5eCEC1j6NNuol3Kw','741eWiHuT0qpN90usHfjBg','epeYcEUWXkqp2EIUNI3-xQ',0),('wABOKKH79USe6TuVIQwIVQ','K_H9jzB3a0WGG9NM8bEkGg','imNnSDrrxUahyoP0lVucNw','YtpdtlZKi0ahzkqHFXeYDw',1),('wlgaRM9IDEOXZ4tLp_EngA','0gdkl5nJjEi3DmOF0mtTtg','kmA7aSIQW0m2O0v8Pin94w','epeYcEUWXkqp2EIUNI3-xQ',0),('WMVuYHoIc0y6YoDMcJ5BSA','7Tt__gltqUqH0jTUljzlXw','3iS2aMGqEEqy6Z2DJDXeSA','YLd3iOA-qUuNhF1yXCsgcw',1),('WOXZAp3cRkGgCCfPDEiC_w','Uiza8C5eCEC1j6NNuol3Kw','3iS2aMGqEEqy6Z2DJDXeSA','YLd3iOA-qUuNhF1yXCsgcw',0),('wQ68Xs6-xUe93GKr8BRlEQ','7Tt__gltqUqH0jTUljzlXw','PKFvoBxTSkqFhnXpR5k4zQ','YtpdtlZKi0ahzkqHFXeYDw',0),('wS4_vNB7NEiHBWFxoZ3odw','Uiza8C5eCEC1j6NNuol3Kw','3iS2aMGqEEqy6Z2DJDXeSA','n6VdFqOfKUyjyO0HPQzn-g',0),('x0_FCsmGpkem5ej3JXlkZg','7Tt__gltqUqH0jTUljzlXw','PKFvoBxTSkqFhnXpR5k4zQ','YLd3iOA-qUuNhF1yXCsgcw',1),('x9KoThL6DEGkzMugqF2yFQ','7Tt__gltqUqH0jTUljzlXw','kmA7aSIQW0m2O0v8Pin94w','YLd3iOA-qUuNhF1yXCsgcw',0),('xCyBCLeY8ka_NMtm4PrBfg','0gdkl5nJjEi3DmOF0mtTtg','vIqymh738UiudkzI1a3b-A','epeYcEUWXkqp2EIUNI3-xQ',0),('XG7_Q06GdECsxslM8SSMaA','7Tt__gltqUqH0jTUljzlXw','741eWiHuT0qpN90usHfjBg','epeYcEUWXkqp2EIUNI3-xQ',0),('xjYEHOYJgE6KPORXAP0LcQ','7Tt__gltqUqH0jTUljzlXw','741eWiHuT0qpN90usHfjBg','YLd3iOA-qUuNhF1yXCsgcw',0),('XMLP65RqNk22QvUv_X9PUg','c3tbvayr60iljvgcb1-2mw','UaM_saUYwEeKG3BpSAZN_Q','YLd3iOA-qUuNhF1yXCsgcw',0),('Xp9oqGYXNUi67azuorCdkA','MXf_J9dUNkiAonC_GST1OQ','A1LcWlkok0mvZBEiLrgScQ','YtpdtlZKi0ahzkqHFXeYDw',0),('xTX2QS4KdkegOc3pD7BEOQ','MXf_J9dUNkiAonC_GST1OQ','svwtxMblLEGBXnII1pBjKA','YLd3iOA-qUuNhF1yXCsgcw',0),('y5n8bxgRakugdwYEcZtJdA','0gdkl5nJjEi3DmOF0mtTtg','vIqymh738UiudkzI1a3b-A','YLd3iOA-qUuNhF1yXCsgcw',0),('y9jvA1URak6gv-LhVmwFRA','K_H9jzB3a0WGG9NM8bEkGg','svwtxMblLEGBXnII1pBjKA','epeYcEUWXkqp2EIUNI3-xQ',1),('Ya_GcWWh2kyW0yqp_ZcuSQ','MXf_J9dUNkiAonC_GST1OQ','3iS2aMGqEEqy6Z2DJDXeSA','YtpdtlZKi0ahzkqHFXeYDw',0),('YDBFD1QFhE2zSQuC0uFSlw','MXf_J9dUNkiAonC_GST1OQ','kmA7aSIQW0m2O0v8Pin94w','n6VdFqOfKUyjyO0HPQzn-g',0),('yMXOFlM1h02v762osZ-8Fw','0gdkl5nJjEi3DmOF0mtTtg','PKFvoBxTSkqFhnXpR5k4zQ','YtpdtlZKi0ahzkqHFXeYDw',0),('ypmYfrVdvEK3WJkYEvPlLA','c3tbvayr60iljvgcb1-2mw','imNnSDrrxUahyoP0lVucNw','n6VdFqOfKUyjyO0HPQzn-g',1),('YpqcW3ajeEy0guGnsrd7Ow','7Tt__gltqUqH0jTUljzlXw','kmA7aSIQW0m2O0v8Pin94w','n6VdFqOfKUyjyO0HPQzn-g',0),('YtTzDcCF2UijjYAyc-jbHA','K_H9jzB3a0WGG9NM8bEkGg','I9fHTsbVeEmawNSbgyzG1Q','YtpdtlZKi0ahzkqHFXeYDw',1),('YUBjXv63w0CCpFkZuarOvQ','7Tt__gltqUqH0jTUljzlXw','741eWiHuT0qpN90usHfjBg','YtpdtlZKi0ahzkqHFXeYDw',0),('YVSI9BQQFk-9tkNdW3GHzg','MXf_J9dUNkiAonC_GST1OQ','741eWiHuT0qpN90usHfjBg','YLd3iOA-qUuNhF1yXCsgcw',0),('Z94Zs-ExDU-Kx_oZjdNYbg','Uiza8C5eCEC1j6NNuol3Kw','UaM_saUYwEeKG3BpSAZN_Q','YLd3iOA-qUuNhF1yXCsgcw',0),('z9G-A59XLE6la8352sH-nA','7Tt__gltqUqH0jTUljzlXw','vIqymh738UiudkzI1a3b-A','YtpdtlZKi0ahzkqHFXeYDw',0),('zfdLLL84bUeEgtOSk5kfrQ','MXf_J9dUNkiAonC_GST1OQ','3iS2aMGqEEqy6Z2DJDXeSA','n6VdFqOfKUyjyO0HPQzn-g',0),('zGD7QJa4_UGgMrR2VQMkNA','0gdkl5nJjEi3DmOF0mtTtg','UaM_saUYwEeKG3BpSAZN_Q','n6VdFqOfKUyjyO0HPQzn-g',1),('Zj54cTCKdEa1lk4sM8X7wg','K_H9jzB3a0WGG9NM8bEkGg','svwtxMblLEGBXnII1pBjKA','n6VdFqOfKUyjyO0HPQzn-g',1),('zLb0y0CHHk6-xl428CL-Zw','MXf_J9dUNkiAonC_GST1OQ','PKFvoBxTSkqFhnXpR5k4zQ','YLd3iOA-qUuNhF1yXCsgcw',0),('zmctlYQmCUeYmDyZsY2Khg','0gdkl5nJjEi3DmOF0mtTtg','imNnSDrrxUahyoP0lVucNw','epeYcEUWXkqp2EIUNI3-xQ',0),('z_G7_uBMCk2mCSpS8mPPCA','7Tt__gltqUqH0jTUljzlXw','bdY8Bf4YA0uUa-O3IHSHQg','YtpdtlZKi0ahzkqHFXeYDw',0),('_F76964Kn0-XEQy6oKd2MQ','0gdkl5nJjEi3DmOF0mtTtg','imNnSDrrxUahyoP0lVucNw','YtpdtlZKi0ahzkqHFXeYDw',0),('_wR10y9diUmzToA5NHiSpQ','Uiza8C5eCEC1j6NNuol3Kw','bdY8Bf4YA0uUa-O3IHSHQg','YtpdtlZKi0ahzkqHFXeYDw',0);

/*Table structure for table `SysLog` */

DROP TABLE IF EXISTS `SysLog`;

CREATE TABLE `SysLog` (
  `Id` varchar(22) NOT NULL COMMENT '主键标识',
  `MId` varchar(22) DEFAULT NULL COMMENT '管理员编号',
  `NId` varchar(22) DEFAULT NULL COMMENT '菜单编号',
  `RoleId` varchar(22) DEFAULT NULL COMMENT '权限编号',
  `LoginIp` varchar(22) DEFAULT NULL COMMENT '登陆IP',
  `CreateTime` datetime DEFAULT NULL COMMENT '创建时间',
  `ExecuteTime` decimal(18,10) DEFAULT NULL COMMENT '执行时间',
  `FromBady` text COMMENT '表单参数',
  `UrlParam` text COMMENT 'url参数',
  PRIMARY KEY (`Id`)
) ENGINE=InnoDB DEFAULT CHARSET=utf8;

/*Data for the table `SysLog` */

insert  into `SysLog`(`Id`,`MId`,`NId`,`RoleId`,`LoginIp`,`CreateTime`,`ExecuteTime`,`FromBady`,`UrlParam`) values ('-4d55lvljEqWdjVBWFwsGw','h5oMfYYCAkO46adFX7NQmQ','xoKLLt3Y_EmVXwko5S2sYg','YtpdtlZKi0ahzkqHFXeYDw','::1','2019-03-20 14:35:17','0.0895000000','[{\"Key\":\"pageIndex\",\"Value\":[\"1\"]},{\"Key\":\"pageSize\",\"Value\":[\"20\"]}]',''),('09hGg0-x8UOlvi3QS1LrNw','h5oMfYYCAkO46adFX7NQmQ','vIqymh738UiudkzI1a3b-A','YtpdtlZKi0ahzkqHFXeYDw','::1','2019-04-12 10:45:04','0.0294000000','',''),('0XIiMYZRvUKV7NuU0pzmLA','h5oMfYYCAkO46adFX7NQmQ','PKFvoBxTSkqFhnXpR5k4zQ','YtpdtlZKi0ahzkqHFXeYDw','::1','2019-03-28 10:06:59','0.0989000000','[{\"Key\":\"pageIndex\",\"Value\":[\"1\"]},{\"Key\":\"pageSize\",\"Value\":[\"20\"]},{\"Key\":\"Tid\",\"Value\":[\"123123\"]}]',''),('19i_f4D2nEyUTG7iC1k2Vg','h5oMfYYCAkO46adFX7NQmQ','kmA7aSIQW0m2O0v8Pin94w','YLd3iOA-qUuNhF1yXCsgcw','::1','2019-03-28 10:07:26','0.1256000000','',''),('1H2_THbh30ect3IscXsxdA','h5oMfYYCAkO46adFX7NQmQ','vIqymh738UiudkzI1a3b-A','n6VdFqOfKUyjyO0HPQzn-g','::1','2019-04-12 10:43:34','0.0545000000','','?Id=A1LcWlkok0mvZBEiLrgScQ'),('1YFw3Oky806qPdo0WED3eQ','h5oMfYYCAkO46adFX7NQmQ','xoKLLt3Y_EmVXwko5S2sYg','YtpdtlZKi0ahzkqHFXeYDw','::1','2019-03-20 14:06:49','0.0564000000','[{\"Key\":\"pageIndex\",\"Value\":[\"1\"]},{\"Key\":\"pageSize\",\"Value\":[\"20\"]}]',''),('27xo8XDvXU6FWvN95X9UFQ','h5oMfYYCAkO46adFX7NQmQ','PKFvoBxTSkqFhnXpR5k4zQ','YtpdtlZKi0ahzkqHFXeYDw','::1','2019-03-20 14:48:03','0.1372000000','[{\"Key\":\"pageIndex\",\"Value\":[\"1\"]},{\"Key\":\"pageSize\",\"Value\":[\"20\"]}]',''),('2dFNF5PNlEymvz6fABOPMQ','h5oMfYYCAkO46adFX7NQmQ','vIqymh738UiudkzI1a3b-A','YtpdtlZKi0ahzkqHFXeYDw','::1','2019-04-12 10:43:29','0.1648000000','[{\"Key\":\"pageIndex\",\"Value\":[\"1\"]},{\"Key\":\"pageSize\",\"Value\":[\"10\"]}]',''),('2SZWV0sG_kW78SrpdX0FZg','h5oMfYYCAkO46adFX7NQmQ','xoKLLt3Y_EmVXwko5S2sYg','YtpdtlZKi0ahzkqHFXeYDw','::1','2019-03-20 14:04:12','0.0493000000','[{\"Key\":\"pageIndex\",\"Value\":[\"1\"]},{\"Key\":\"pageSize\",\"Value\":[\"20\"]},{\"Key\":\"RoleId\",\"Value\":[\"删除\"]},{\"Key\":\"Email\",\"Value\":[\"\"]},{\"Key\":\"Mobile\",\"Value\":[\"\"]}]',''),('2xT1F1dNSEqsJiKCp0Evqw','h5oMfYYCAkO46adFX7NQmQ','xoKLLt3Y_EmVXwko5S2sYg','YtpdtlZKi0ahzkqHFXeYDw','::1','2019-03-20 14:06:47','0.0377000000','',''),('34TkC37ihUirZaRNqxjS8Q','h5oMfYYCAkO46adFX7NQmQ','imNnSDrrxUahyoP0lVucNw','YtpdtlZKi0ahzkqHFXeYDw','::1','2019-03-20 14:52:11','0.0854000000','[{\"Key\":\"pageIndex\",\"Value\":[\"1\"]},{\"Key\":\"pageSize\",\"Value\":[\"20\"]}]',''),('3TsHiPgBJEivqjkwFAvOtw','h5oMfYYCAkO46adFX7NQmQ','xoKLLt3Y_EmVXwko5S2sYg','YtpdtlZKi0ahzkqHFXeYDw','::1','2019-03-20 14:32:59','0.0864000000','[{\"Key\":\"pageIndex\",\"Value\":[\"1\"]},{\"Key\":\"pageSize\",\"Value\":[\"20\"]}]',''),('40u-w_z4Kk2ZnUJWx8JXiw','h5oMfYYCAkO46adFX7NQmQ','xoKLLt3Y_EmVXwko5S2sYg','YtpdtlZKi0ahzkqHFXeYDw','::1','2019-03-20 14:31:19','0.0959000000','[{\"Key\":\"pageIndex\",\"Value\":[\"1\"]},{\"Key\":\"pageSize\",\"Value\":[\"20\"]}]',''),('4BarqtTuA0-_JTXlmekLKg','h5oMfYYCAkO46adFX7NQmQ','PKFvoBxTSkqFhnXpR5k4zQ','YtpdtlZKi0ahzkqHFXeYDw','::1','2019-03-28 10:06:56','0.1295000000','',''),('4t6mbEQ3o06Ze105gLHHBA','h5oMfYYCAkO46adFX7NQmQ','xoKLLt3Y_EmVXwko5S2sYg','YtpdtlZKi0ahzkqHFXeYDw','::1','2019-03-20 14:26:25','0.1207000000','',''),('5aZpW356hkyJafZYT5TDGg','h5oMfYYCAkO46adFX7NQmQ','PKFvoBxTSkqFhnXpR5k4zQ','YtpdtlZKi0ahzkqHFXeYDw','::1','2019-03-28 10:06:57','0.0738000000','',''),('5b4W8lonUUqTEBGL8x5hKQ','h5oMfYYCAkO46adFX7NQmQ','xoKLLt3Y_EmVXwko5S2sYg','YtpdtlZKi0ahzkqHFXeYDw','::1','2019-03-20 14:13:45','0.0671000000','[{\"Key\":\"pageIndex\",\"Value\":[\"1\"]},{\"Key\":\"pageSize\",\"Value\":[\"20\"]}]',''),('5QmP6HoijE2Okp_R5eEAtA','h5oMfYYCAkO46adFX7NQmQ','PKFvoBxTSkqFhnXpR5k4zQ','YtpdtlZKi0ahzkqHFXeYDw','::1','2019-03-20 14:47:29','0.1379000000','',''),('5sWe_jdP60OQdS5hc4jhoQ','h5oMfYYCAkO46adFX7NQmQ','vIqymh738UiudkzI1a3b-A','YtpdtlZKi0ahzkqHFXeYDw','::1','2019-03-20 14:04:01','0.0682000000','',''),('6twl-mUqSU2a0GBZdrCuNg','h5oMfYYCAkO46adFX7NQmQ','vIqymh738UiudkzI1a3b-A','YtpdtlZKi0ahzkqHFXeYDw','::1','2019-03-20 15:05:58','0.0355000000','',''),('7LkliQYZG0ugmj3tU-z1Bg','h5oMfYYCAkO46adFX7NQmQ','kmA7aSIQW0m2O0v8Pin94w','YtpdtlZKi0ahzkqHFXeYDw','::1','2019-04-12 10:47:53','0.0298000000','',''),('7qIMdwHidkuUY-9CZTm94g','h5oMfYYCAkO46adFX7NQmQ','xoKLLt3Y_EmVXwko5S2sYg','YtpdtlZKi0ahzkqHFXeYDw','::1','2019-03-20 14:33:54','0.1046000000','[{\"Key\":\"pageIndex\",\"Value\":[\"1\"]},{\"Key\":\"pageSize\",\"Value\":[\"20\"]},{\"Key\":\"RoleId\",\"Value\":[\"\"]},{\"Key\":\"StartTime\",\"Value\":[\"\"]},{\"Key\":\"EndTime\",\"Value\":[\"2019-04-30 00:00:00\"]}]',''),('7zznAuWXskaEXZr6jA2X4w','h5oMfYYCAkO46adFX7NQmQ','imNnSDrrxUahyoP0lVucNw','YtpdtlZKi0ahzkqHFXeYDw','::1','2019-03-28 10:08:11','0.0494000000','[{\"Key\":\"pageIndex\",\"Value\":[\"1\"]},{\"Key\":\"pageSize\",\"Value\":[\"20\"]}]',''),('88Cwx6KXt0q-MFEwhvFIDg','h5oMfYYCAkO46adFX7NQmQ','PKFvoBxTSkqFhnXpR5k4zQ','YtpdtlZKi0ahzkqHFXeYDw','::1','2019-03-20 14:45:29','0.0713000000','[{\"Key\":\"pageIndex\",\"Value\":[\"1\"]},{\"Key\":\"pageSize\",\"Value\":[\"20\"]}]',''),('8O1RXM_8Kke2Bl71rBXeMw','h5oMfYYCAkO46adFX7NQmQ','PKFvoBxTSkqFhnXpR5k4zQ','YtpdtlZKi0ahzkqHFXeYDw','::1','2019-03-20 14:47:33','0.0812000000','[{\"Key\":\"pageIndex\",\"Value\":[\"1\"]},{\"Key\":\"pageSize\",\"Value\":[\"20\"]},{\"Key\":\"Tid\",\"Value\":[\"123123\"]}]',''),('91XL6aCOmUCmN6MD2mGTfg','h5oMfYYCAkO46adFX7NQmQ','PKFvoBxTSkqFhnXpR5k4zQ','YtpdtlZKi0ahzkqHFXeYDw','::1','2019-03-20 14:48:06','0.0903000000','[{\"Key\":\"pageIndex\",\"Value\":[\"1\"]},{\"Key\":\"pageSize\",\"Value\":[\"20\"]},{\"Key\":\"Tid\",\"Value\":[\"123123\"]}]',''),('A8SFoAVpkUqAQgIq34u01Q','h5oMfYYCAkO46adFX7NQmQ','PKFvoBxTSkqFhnXpR5k4zQ','YtpdtlZKi0ahzkqHFXeYDw','::1','2019-03-20 14:48:02','0.0978000000','',''),('AfPzlxSqOUmRj5-3CcmlSQ','h5oMfYYCAkO46adFX7NQmQ','xoKLLt3Y_EmVXwko5S2sYg','YtpdtlZKi0ahzkqHFXeYDw','::1','2019-03-20 14:04:15','0.0525000000','[{\"Key\":\"pageIndex\",\"Value\":[\"1\"]},{\"Key\":\"pageSize\",\"Value\":[\"20\"]},{\"Key\":\"RoleId\",\"Value\":[\"\"]},{\"Key\":\"Email\",\"Value\":[\"\"]},{\"Key\":\"Mobile\",\"Value\":[\"\"]}]',''),('apsy-DRaSkuNS_GAjDohPQ','h5oMfYYCAkO46adFX7NQmQ','PKFvoBxTSkqFhnXpR5k4zQ','YtpdtlZKi0ahzkqHFXeYDw','::1','2019-03-20 14:47:31','0.0893000000','[{\"Key\":\"pageIndex\",\"Value\":[\"1\"]},{\"Key\":\"pageSize\",\"Value\":[\"20\"]}]',''),('aqbs0g1pQkC62HqPq5pRgQ','h5oMfYYCAkO46adFX7NQmQ','xoKLLt3Y_EmVXwko5S2sYg','YtpdtlZKi0ahzkqHFXeYDw','::1','2019-03-20 14:26:35','0.0919000000','',''),('axqFg6q9BUO-Q7htXERSyQ','h5oMfYYCAkO46adFX7NQmQ','xoKLLt3Y_EmVXwko5S2sYg','YtpdtlZKi0ahzkqHFXeYDw','::1','2019-03-20 14:29:32','0.0975000000','[{\"Key\":\"pageIndex\",\"Value\":[\"1\"]},{\"Key\":\"pageSize\",\"Value\":[\"20\"]},{\"Key\":\"RoleId\",\"Value\":[\"\"]},{\"Key\":\"StartTime\",\"Value\":[\"2\"]},{\"Key\":\"EndTime\",\"Value\":[\"0\"]}]',''),('B7pnTr0b10yHvAhknKr1nA','h5oMfYYCAkO46adFX7NQmQ','xoKLLt3Y_EmVXwko5S2sYg','YtpdtlZKi0ahzkqHFXeYDw','::1','2019-03-20 14:08:19','0.0472000000','',''),('bFi8HkVZj0uOKDShgkarIw','h5oMfYYCAkO46adFX7NQmQ','xoKLLt3Y_EmVXwko5S2sYg','YtpdtlZKi0ahzkqHFXeYDw','::1','2019-03-20 14:33:55','0.0941000000','[{\"Key\":\"pageIndex\",\"Value\":[\"1\"]},{\"Key\":\"pageSize\",\"Value\":[\"20\"]},{\"Key\":\"RoleId\",\"Value\":[\"\"]},{\"Key\":\"StartTime\",\"Value\":[\"\"]},{\"Key\":\"EndTime\",\"Value\":[\"2019-04-30 00:00:00\"]}]',''),('Bg7z_MZZg0KdYtv7Q1VTJw','h5oMfYYCAkO46adFX7NQmQ','vIqymh738UiudkzI1a3b-A','YtpdtlZKi0ahzkqHFXeYDw','::1','2019-03-28 10:07:53','0.0381000000','',''),('c8MF_QcNx0SdLQkeVbNyaQ','h5oMfYYCAkO46adFX7NQmQ','xoKLLt3Y_EmVXwko5S2sYg','YtpdtlZKi0ahzkqHFXeYDw','::1','2019-03-20 14:22:05','0.0745000000','[{\"Key\":\"pageIndex\",\"Value\":[\"1\"]},{\"Key\":\"pageSize\",\"Value\":[\"20\"]},{\"Key\":\"RoleId\",\"Value\":[\"\"]},{\"Key\":\"Email\",\"Value\":[\"\"]}]',''),('cdakfg_h50qktx9OeArYOg','h5oMfYYCAkO46adFX7NQmQ','xoKLLt3Y_EmVXwko5S2sYg','YtpdtlZKi0ahzkqHFXeYDw','::1','2019-03-20 14:19:52','0.0824000000','[{\"Key\":\"pageIndex\",\"Value\":[\"1\"]},{\"Key\":\"pageSize\",\"Value\":[\"20\"]}]',''),('CGTKQwfwb0ejUMTJ-B8pSQ','h5oMfYYCAkO46adFX7NQmQ','vIqymh738UiudkzI1a3b-A','YtpdtlZKi0ahzkqHFXeYDw','::1','2019-03-20 14:04:00','0.0698000000','',''),('cuMFcJmelUG_XMjbmHOOxA','h5oMfYYCAkO46adFX7NQmQ','xoKLLt3Y_EmVXwko5S2sYg','YtpdtlZKi0ahzkqHFXeYDw','::1','2019-03-20 14:29:30','9.5528000000','[{\"Key\":\"pageIndex\",\"Value\":[\"1\"]},{\"Key\":\"pageSize\",\"Value\":[\"20\"]}]',''),('cXVEwCogPE2dNnhAwVKUcQ','h5oMfYYCAkO46adFX7NQmQ','xoKLLt3Y_EmVXwko5S2sYg','YtpdtlZKi0ahzkqHFXeYDw','::1','2019-03-28 10:07:46','0.0377000000','',''),('CzRA1ZalhUyUVKY779Bh2A','h5oMfYYCAkO46adFX7NQmQ','xoKLLt3Y_EmVXwko5S2sYg','YtpdtlZKi0ahzkqHFXeYDw','::1','2019-04-12 10:47:56','0.0748000000','[{\"Key\":\"pageIndex\",\"Value\":[\"1\"]},{\"Key\":\"pageSize\",\"Value\":[\"20\"]}]',''),('d5dlKJvBEkOsDzpnsYX4-w','h5oMfYYCAkO46adFX7NQmQ','xoKLLt3Y_EmVXwko5S2sYg','YtpdtlZKi0ahzkqHFXeYDw','::1','2019-03-20 14:22:00','0.0861000000','[{\"Key\":\"pageIndex\",\"Value\":[\"1\"]},{\"Key\":\"pageSize\",\"Value\":[\"20\"]}]',''),('DXG-qOMZgUW577t1PMfUJA','h5oMfYYCAkO46adFX7NQmQ','xoKLLt3Y_EmVXwko5S2sYg','YtpdtlZKi0ahzkqHFXeYDw','::1','2019-03-20 14:07:01','0.0657000000','',''),('eCYntjtJgk6fwXgRlr5cfA','h5oMfYYCAkO46adFX7NQmQ','PKFvoBxTSkqFhnXpR5k4zQ','YtpdtlZKi0ahzkqHFXeYDw','::1','2019-03-20 14:47:30','0.4047000000','',''),('eS9JVMcJ3kGptI_VJbE7Kg','h5oMfYYCAkO46adFX7NQmQ','kmA7aSIQW0m2O0v8Pin94w','YLd3iOA-qUuNhF1yXCsgcw','::1','2019-03-20 15:21:42','0.1043000000','',''),('fjNlqy-VW06FgBnQe_rBRQ','h5oMfYYCAkO46adFX7NQmQ','xoKLLt3Y_EmVXwko5S2sYg','YtpdtlZKi0ahzkqHFXeYDw','::1','2019-03-20 14:31:18','0.0843000000','',''),('G7nmjQggfUC7DY49-VbNuA','h5oMfYYCAkO46adFX7NQmQ','vIqymh738UiudkzI1a3b-A','YtpdtlZKi0ahzkqHFXeYDw','::1','2019-04-12 10:43:36','0.0286000000','',''),('GEhh4JQv60iTO0VZWq23Nw','h5oMfYYCAkO46adFX7NQmQ','vIqymh738UiudkzI1a3b-A','YtpdtlZKi0ahzkqHFXeYDw','::1','2019-03-28 10:07:53','0.0702000000','',''),('GP7zJUBmfUSi-V14tfwvEQ','h5oMfYYCAkO46adFX7NQmQ','xoKLLt3Y_EmVXwko5S2sYg','YtpdtlZKi0ahzkqHFXeYDw','::1','2019-03-20 14:26:47','0.4143000000','',''),('GQDvqB0ZqUqo6f3fHTXhUg','h5oMfYYCAkO46adFX7NQmQ','xoKLLt3Y_EmVXwko5S2sYg','YtpdtlZKi0ahzkqHFXeYDw','::1','2019-03-20 14:09:20','0.0500000000','',''),('GSqc9Ue6J0OFvq8pf3Zpfw','h5oMfYYCAkO46adFX7NQmQ','kmA7aSIQW0m2O0v8Pin94w','n6VdFqOfKUyjyO0HPQzn-g','::1','2019-03-20 15:04:22','0.1930000000','','?Id=K_H9jzB3a0WGG9NM8bEkGg'),('gV2jVJEyCUe3DaPvA6f-Sg','h5oMfYYCAkO46adFX7NQmQ','xoKLLt3Y_EmVXwko5S2sYg','YtpdtlZKi0ahzkqHFXeYDw','::1','2019-03-20 14:33:53','0.0738000000','[{\"Key\":\"pageIndex\",\"Value\":[\"1\"]},{\"Key\":\"pageSize\",\"Value\":[\"20\"]},{\"Key\":\"RoleId\",\"Value\":[\"\"]},{\"Key\":\"StartTime\",\"Value\":[\"\"]},{\"Key\":\"EndTime\",\"Value\":[\"2019-04-30 00:00:00\"]}]',''),('gv7O8Z0v002pFX-kgoUT_Q','h5oMfYYCAkO46adFX7NQmQ','PKFvoBxTSkqFhnXpR5k4zQ','YtpdtlZKi0ahzkqHFXeYDw','::1','2019-03-28 10:06:57','0.0334000000','[{\"Key\":\"pageIndex\",\"Value\":[\"1\"]},{\"Key\":\"pageSize\",\"Value\":[\"20\"]}]',''),('H-xOncA9z0-wh428SInmxQ','h5oMfYYCAkO46adFX7NQmQ','xoKLLt3Y_EmVXwko5S2sYg','YtpdtlZKi0ahzkqHFXeYDw','::1','2019-03-20 14:09:20','0.0578000000','[{\"Key\":\"pageIndex\",\"Value\":[\"1\"]},{\"Key\":\"pageSize\",\"Value\":[\"20\"]}]',''),('hI-p9uZZGkCPditagcgC7w','h5oMfYYCAkO46adFX7NQmQ','imNnSDrrxUahyoP0lVucNw','YtpdtlZKi0ahzkqHFXeYDw','::1','2019-03-20 14:52:10','0.1606000000','',''),('HnjCCy6gFEa0EyU97ua-_w','h5oMfYYCAkO46adFX7NQmQ','xoKLLt3Y_EmVXwko5S2sYg','YtpdtlZKi0ahzkqHFXeYDw','::1','2019-03-20 14:29:59','21.9162000000','[{\"Key\":\"pageIndex\",\"Value\":[\"1\"]},{\"Key\":\"pageSize\",\"Value\":[\"20\"]},{\"Key\":\"RoleId\",\"Value\":[\"\"]},{\"Key\":\"StartTime\",\"Value\":[\"2\"]},{\"Key\":\"EndTime\",\"Value\":[\"0\"]}]',''),('hUAgC4clMUSXdCPNfQczqw','h5oMfYYCAkO46adFX7NQmQ','PKFvoBxTSkqFhnXpR5k4zQ','YtpdtlZKi0ahzkqHFXeYDw','::1','2019-04-12 10:47:46','0.0361000000','',''),('hYOlvIA4Xka8kF2okL0iBA','h5oMfYYCAkO46adFX7NQmQ','xoKLLt3Y_EmVXwko5S2sYg','YtpdtlZKi0ahzkqHFXeYDw','::1','2019-03-20 14:14:39','0.0740000000','[{\"Key\":\"pageIndex\",\"Value\":[\"1\"]},{\"Key\":\"pageSize\",\"Value\":[\"20\"]}]',''),('ITuazsbqb0a-Byeu8xAz9g','h5oMfYYCAkO46adFX7NQmQ','imNnSDrrxUahyoP0lVucNw','YtpdtlZKi0ahzkqHFXeYDw','::1','2019-04-12 10:43:17','0.0522000000','',''),('iVdAS6WswkKmMJ444iHh4A','h5oMfYYCAkO46adFX7NQmQ','xoKLLt3Y_EmVXwko5S2sYg','YtpdtlZKi0ahzkqHFXeYDw','::1','2019-03-20 14:34:29','0.0813000000','[{\"Key\":\"pageIndex\",\"Value\":[\"1\"]},{\"Key\":\"pageSize\",\"Value\":[\"20\"]},{\"Key\":\"RoleId\",\"Value\":[\"\"]},{\"Key\":\"StartTime\",\"Value\":[\"\"]},{\"Key\":\"EndTime\",\"Value\":[\"2019-03-21 00:00:00\"]}]',''),('J3vtzDzYWUiiVLaA1tEhAQ','h5oMfYYCAkO46adFX7NQmQ','xoKLLt3Y_EmVXwko5S2sYg','YtpdtlZKi0ahzkqHFXeYDw','::1','2019-03-20 14:17:23','0.0786000000','[{\"Key\":\"pageIndex\",\"Value\":[\"1\"]},{\"Key\":\"pageSize\",\"Value\":[\"20\"]}]',''),('JmpxF1fU2068-vQEoVno2A','h5oMfYYCAkO46adFX7NQmQ','xoKLLt3Y_EmVXwko5S2sYg','YtpdtlZKi0ahzkqHFXeYDw','::1','2019-03-20 14:22:13','0.0651000000','[{\"Key\":\"pageIndex\",\"Value\":[\"1\"]},{\"Key\":\"pageSize\",\"Value\":[\"20\"]},{\"Key\":\"RoleId\",\"Value\":[\"\"]},{\"Key\":\"Email\",\"Value\":[\"2019-03-13 00:00:00 - 2019-03-22 00:00:00\"]}]',''),('JoUFgYLsTEK7xevpO4fu-w','h5oMfYYCAkO46adFX7NQmQ','xoKLLt3Y_EmVXwko5S2sYg','YtpdtlZKi0ahzkqHFXeYDw','::1','2019-03-20 14:33:58','0.2063000000','[{\"Key\":\"pageIndex\",\"Value\":[\"1\"]},{\"Key\":\"pageSize\",\"Value\":[\"20\"]},{\"Key\":\"RoleId\",\"Value\":[\"\"]},{\"Key\":\"StartTime\",\"Value\":[\"\"]},{\"Key\":\"EndTime\",\"Value\":[\"2019-04-30 00:00:00\"]}]',''),('K4w-WCDgMkmAedTyNziz6A','h5oMfYYCAkO46adFX7NQmQ','xoKLLt3Y_EmVXwko5S2sYg','YtpdtlZKi0ahzkqHFXeYDw','::1','2019-03-20 14:31:53','0.0746000000','[{\"Key\":\"pageIndex\",\"Value\":[\"1\"]},{\"Key\":\"pageSize\",\"Value\":[\"20\"]}]',''),('kaMwC3tAVkCXMugh7IId0w','h5oMfYYCAkO46adFX7NQmQ','PKFvoBxTSkqFhnXpR5k4zQ','YtpdtlZKi0ahzkqHFXeYDw','::1','2019-04-12 10:47:47','0.0386000000','',''),('KBYx0MolLUiAFyA9u8rFAw','h5oMfYYCAkO46adFX7NQmQ','vIqymh738UiudkzI1a3b-A','YtpdtlZKi0ahzkqHFXeYDw','::1','2019-04-12 10:43:29','0.0402000000','',''),('Kj_y4EWGZk6u77qDlzWnDg','h5oMfYYCAkO46adFX7NQmQ','xoKLLt3Y_EmVXwko5S2sYg','YtpdtlZKi0ahzkqHFXeYDw','::1','2019-03-20 14:07:18','0.0712000000','',''),('ko26FlXRGUOx5it_HwSLbg','h5oMfYYCAkO46adFX7NQmQ','PKFvoBxTSkqFhnXpR5k4zQ','n6VdFqOfKUyjyO0HPQzn-g','::1','2019-03-20 14:50:57','0.1686000000','[{\"Key\":\"Id\",\"Value\":[\"YLd3iOA-qUuNhF1yXCsgcw\"]},{\"Key\":\"Status\",\"Value\":[\"0\"]}]',''),('kWUYcXkyfEOlOuRZCaTtsQ','h5oMfYYCAkO46adFX7NQmQ','xoKLLt3Y_EmVXwko5S2sYg','YtpdtlZKi0ahzkqHFXeYDw','::1','2019-03-20 14:31:52','0.0933000000','',''),('LkZMY90KjECToQiCzcK3fA','h5oMfYYCAkO46adFX7NQmQ','vIqymh738UiudkzI1a3b-A','YtpdtlZKi0ahzkqHFXeYDw','::1','2019-03-20 14:04:02','0.2048000000','[{\"Key\":\"pageIndex\",\"Value\":[\"1\"]},{\"Key\":\"pageSize\",\"Value\":[\"10\"]}]',''),('lOhQA6f05UKxN_l0FeOSNQ','h5oMfYYCAkO46adFX7NQmQ','xoKLLt3Y_EmVXwko5S2sYg','YtpdtlZKi0ahzkqHFXeYDw','::1','2019-03-20 14:04:16','0.0525000000','[{\"Key\":\"pageIndex\",\"Value\":[\"1\"]},{\"Key\":\"pageSize\",\"Value\":[\"20\"]},{\"Key\":\"RoleId\",\"Value\":[\"\"]},{\"Key\":\"Email\",\"Value\":[\"\"]},{\"Key\":\"Mobile\",\"Value\":[\"\"]}]',''),('LWZUpvi610S5AsRIyjK0yQ','h5oMfYYCAkO46adFX7NQmQ','xoKLLt3Y_EmVXwko5S2sYg','YtpdtlZKi0ahzkqHFXeYDw','::1','2019-03-20 14:33:56','0.1025000000','[{\"Key\":\"pageIndex\",\"Value\":[\"1\"]},{\"Key\":\"pageSize\",\"Value\":[\"20\"]},{\"Key\":\"RoleId\",\"Value\":[\"\"]},{\"Key\":\"StartTime\",\"Value\":[\"\"]},{\"Key\":\"EndTime\",\"Value\":[\"2019-04-30 00:00:00\"]}]',''),('m83lYAQOHUOWVpVDDmYPCg','h5oMfYYCAkO46adFX7NQmQ','kmA7aSIQW0m2O0v8Pin94w','YtpdtlZKi0ahzkqHFXeYDw','::1','2019-03-20 14:52:07','0.0855000000','',''),('mcFCOsvt2kWN9aKXL6KTfA','h5oMfYYCAkO46adFX7NQmQ','xoKLLt3Y_EmVXwko5S2sYg','YtpdtlZKi0ahzkqHFXeYDw','::1','2019-03-20 14:28:15','0.0788000000','[{\"Key\":\"pageIndex\",\"Value\":[\"1\"]},{\"Key\":\"pageSize\",\"Value\":[\"20\"]}]',''),('MEmXK6Ie4kqlo7xXFQp4DQ','h5oMfYYCAkO46adFX7NQmQ','PKFvoBxTSkqFhnXpR5k4zQ','YtpdtlZKi0ahzkqHFXeYDw','::1','2019-03-20 14:48:03','0.1831000000','',''),('Mi7ztuUQzUaLV4RCAL8anA','h5oMfYYCAkO46adFX7NQmQ','xoKLLt3Y_EmVXwko5S2sYg','YtpdtlZKi0ahzkqHFXeYDw','::1','2019-03-20 14:34:24','0.1030000000','[{\"Key\":\"pageIndex\",\"Value\":[\"1\"]},{\"Key\":\"pageSize\",\"Value\":[\"20\"]},{\"Key\":\"RoleId\",\"Value\":[\"\"]},{\"Key\":\"StartTime\",\"Value\":[\"2019-03-19 00:00:00\"]},{\"Key\":\"EndTime\",\"Value\":[\"2019-03-21 00:00:00\"]}]',''),('MjK7HJ89wEGrk9KnJbOykw','h5oMfYYCAkO46adFX7NQmQ','xoKLLt3Y_EmVXwko5S2sYg','YtpdtlZKi0ahzkqHFXeYDw','::1','2019-03-20 14:32:58','0.1661000000','',''),('moOOuDBqh06FRGqcMcbImQ','h5oMfYYCAkO46adFX7NQmQ','xoKLLt3Y_EmVXwko5S2sYg','YtpdtlZKi0ahzkqHFXeYDw','::1','2019-03-20 14:33:11','0.0903000000','[{\"Key\":\"pageIndex\",\"Value\":[\"1\"]},{\"Key\":\"pageSize\",\"Value\":[\"20\"]},{\"Key\":\"RoleId\",\"Value\":[\"\"]},{\"Key\":\"StartTime\",\"Value\":[\"2019-03-13 00:00:00\"]},{\"Key\":\"EndTime\",\"Value\":[\"2019-04-30 00:00:00\"]}]',''),('mzZN_SVoDUiUvprr6gW_HQ','h5oMfYYCAkO46adFX7NQmQ','vIqymh738UiudkzI1a3b-A','n6VdFqOfKUyjyO0HPQzn-g','::1','2019-03-20 15:05:09','0.0785000000','','?Id=A1LcWlkok0mvZBEiLrgScQ'),('N9H4fJfz102z_JckXLEBFQ','h5oMfYYCAkO46adFX7NQmQ','PKFvoBxTSkqFhnXpR5k4zQ','YtpdtlZKi0ahzkqHFXeYDw','::1','2019-03-20 14:45:28','0.1230000000','',''),('nA-17fkC1kmwy8pdP22AFA','h5oMfYYCAkO46adFX7NQmQ','xoKLLt3Y_EmVXwko5S2sYg','YtpdtlZKi0ahzkqHFXeYDw','::1','2019-03-20 14:19:21','0.0495000000','',''),('nEPFF4mn2Uitt4IS8eiE4A','h5oMfYYCAkO46adFX7NQmQ','PKFvoBxTSkqFhnXpR5k4zQ','YtpdtlZKi0ahzkqHFXeYDw','::1','2019-03-20 14:45:29','0.0797000000','',''),('ngEFepE5vkiawOVu1zvW4A','h5oMfYYCAkO46adFX7NQmQ','PKFvoBxTSkqFhnXpR5k4zQ','YtpdtlZKi0ahzkqHFXeYDw','::1','2019-03-20 14:51:00','0.0825000000','[{\"Key\":\"pageIndex\",\"Value\":[\"1\"]},{\"Key\":\"pageSize\",\"Value\":[\"20\"]},{\"Key\":\"Tid\",\"Value\":[\"FyENZ39HvEqQ_9pBl6HHpg\"]}]',''),('NGVEp9qODUOPnyrfUcNUbg','h5oMfYYCAkO46adFX7NQmQ','kmA7aSIQW0m2O0v8Pin94w','n6VdFqOfKUyjyO0HPQzn-g','::1','2019-03-28 10:07:30','0.1282000000','','?Id=K_H9jzB3a0WGG9NM8bEkGg'),('NmqgJ2au60SZnzSOZ1JMOQ','h5oMfYYCAkO46adFX7NQmQ','vIqymh738UiudkzI1a3b-A','YtpdtlZKi0ahzkqHFXeYDw','::1','2019-04-12 10:45:11','0.0288000000','',''),('Nn7vnQUOQEGqkwaHNfo0RQ','h5oMfYYCAkO46adFX7NQmQ','xoKLLt3Y_EmVXwko5S2sYg','YtpdtlZKi0ahzkqHFXeYDw','::1','2019-03-20 14:28:14','0.1348000000','',''),('NQrwIMVne0mJ6_41vXZIrw','h5oMfYYCAkO46adFX7NQmQ','xoKLLt3Y_EmVXwko5S2sYg','YtpdtlZKi0ahzkqHFXeYDw','::1','2019-03-20 14:07:41','0.0562000000','[{\"Key\":\"pageIndex\",\"Value\":[\"1\"]},{\"Key\":\"pageSize\",\"Value\":[\"20\"]}]',''),('Ntr_FI1Cf0eC0J926n7H3A','h5oMfYYCAkO46adFX7NQmQ','vIqymh738UiudkzI1a3b-A','YtpdtlZKi0ahzkqHFXeYDw','::1','2019-04-12 10:43:28','0.0291000000','',''),('nWbsn8KDmEW00XZ5iDQkxQ','h5oMfYYCAkO46adFX7NQmQ','xoKLLt3Y_EmVXwko5S2sYg','YtpdtlZKi0ahzkqHFXeYDw','::1','2019-03-20 14:35:16','0.0830000000','',''),('o1PJjJOkRECFWfH5tcW3jQ','h5oMfYYCAkO46adFX7NQmQ','xoKLLt3Y_EmVXwko5S2sYg','YtpdtlZKi0ahzkqHFXeYDw','::1','2019-03-20 14:04:04','0.0766000000','',''),('OKWyiNJe7UeE48COBWIHeQ','h5oMfYYCAkO46adFX7NQmQ','xoKLLt3Y_EmVXwko5S2sYg','YtpdtlZKi0ahzkqHFXeYDw','::1','2019-03-20 14:07:03','0.0537000000','[{\"Key\":\"pageIndex\",\"Value\":[\"1\"]},{\"Key\":\"pageSize\",\"Value\":[\"20\"]}]',''),('oOpWAkz3aUaKjjFmYl1xzQ','h5oMfYYCAkO46adFX7NQmQ','PKFvoBxTSkqFhnXpR5k4zQ','YtpdtlZKi0ahzkqHFXeYDw','::1','2019-03-20 14:45:31','0.0756000000','[{\"Key\":\"pageIndex\",\"Value\":[\"1\"]},{\"Key\":\"pageSize\",\"Value\":[\"20\"]},{\"Key\":\"Tid\",\"Value\":[\"123123\"]}]',''),('oziqJEdjl0S6xLM6ragiCA','h5oMfYYCAkO46adFX7NQmQ','imNnSDrrxUahyoP0lVucNw','YLd3iOA-qUuNhF1yXCsgcw','::1','2019-03-28 10:08:18','0.0439000000','',''),('pd2wdLPZS0Wy1UO9LjLzcg','h5oMfYYCAkO46adFX7NQmQ','kmA7aSIQW0m2O0v8Pin94w','YtpdtlZKi0ahzkqHFXeYDw','::1','2019-04-12 10:47:53','0.0429000000','[{\"Key\":\"pageIndex\",\"Value\":[\"1\"]},{\"Key\":\"pageSize\",\"Value\":[\"20\"]}]',''),('PgOh7Pf3jkSbMQ7Wg8AhNA','h5oMfYYCAkO46adFX7NQmQ','imNnSDrrxUahyoP0lVucNw','YtpdtlZKi0ahzkqHFXeYDw','::1','2019-03-28 10:08:10','0.0462000000','',''),('pqNuh5CT10SoWtMsQpyBhA','h5oMfYYCAkO46adFX7NQmQ','PKFvoBxTSkqFhnXpR5k4zQ','YtpdtlZKi0ahzkqHFXeYDw','::1','2019-04-12 10:47:47','0.0299000000','[{\"Key\":\"pageIndex\",\"Value\":[\"1\"]},{\"Key\":\"pageSize\",\"Value\":[\"20\"]}]',''),('PUQFtNULwEWzR-kF-aQARw','h5oMfYYCAkO46adFX7NQmQ','xoKLLt3Y_EmVXwko5S2sYg','YtpdtlZKi0ahzkqHFXeYDw','::1','2019-03-20 14:33:03','0.0900000000','[{\"Key\":\"pageIndex\",\"Value\":[\"1\"]},{\"Key\":\"pageSize\",\"Value\":[\"20\"]},{\"Key\":\"RoleId\",\"Value\":[\"\"]},{\"Key\":\"StartTime\",\"Value\":[\"2019-03-13 00:00:00\"]},{\"Key\":\"EndTime\",\"Value\":[\"2019-03-14 00:00:00\"]}]',''),('q8UiU3kydES2OuLc5PZp8g','h5oMfYYCAkO46adFX7NQmQ','xoKLLt3Y_EmVXwko5S2sYg','YtpdtlZKi0ahzkqHFXeYDw','::1','2019-03-20 14:17:22','0.0587000000','',''),('Q9ZtcIMFg06x8YWypFVGwA','h5oMfYYCAkO46adFX7NQmQ','xoKLLt3Y_EmVXwko5S2sYg','YtpdtlZKi0ahzkqHFXeYDw','::1','2019-03-20 14:09:38','0.0675000000','[{\"Key\":\"pageIndex\",\"Value\":[\"1\"]},{\"Key\":\"pageSize\",\"Value\":[\"20\"]}]',''),('qcLVof3eykCmU1CPZ2V9wA','h5oMfYYCAkO46adFX7NQmQ','kmA7aSIQW0m2O0v8Pin94w','YtpdtlZKi0ahzkqHFXeYDw','::1','2019-03-20 14:52:08','0.0822000000','[{\"Key\":\"pageIndex\",\"Value\":[\"1\"]},{\"Key\":\"pageSize\",\"Value\":[\"20\"]}]',''),('qMvuNs9hgEWlrokXexIEew','h5oMfYYCAkO46adFX7NQmQ','xoKLLt3Y_EmVXwko5S2sYg','YtpdtlZKi0ahzkqHFXeYDw','::1','2019-03-20 14:04:05','0.1063000000','[{\"Key\":\"pageIndex\",\"Value\":[\"1\"]},{\"Key\":\"pageSize\",\"Value\":[\"20\"]}]',''),('QNrHwtx8gE6_7SUATrKihA','h5oMfYYCAkO46adFX7NQmQ','xoKLLt3Y_EmVXwko5S2sYg','YtpdtlZKi0ahzkqHFXeYDw','::1','2019-03-20 14:13:44','0.1010000000','',''),('qUtqndv7K0eW3pxNV5ABUQ','h5oMfYYCAkO46adFX7NQmQ','xoKLLt3Y_EmVXwko5S2sYg','YtpdtlZKi0ahzkqHFXeYDw','::1','2019-03-20 14:29:20','0.1432000000','',''),('r01SZUDCiUKcQXE6fryYkw','h5oMfYYCAkO46adFX7NQmQ','xoKLLt3Y_EmVXwko5S2sYg','YtpdtlZKi0ahzkqHFXeYDw','::1','2019-03-20 14:26:48','0.0704000000','[{\"Key\":\"pageIndex\",\"Value\":[\"1\"]},{\"Key\":\"pageSize\",\"Value\":[\"20\"]}]',''),('R44MgNlGFUKEUTU5o0BDRQ','h5oMfYYCAkO46adFX7NQmQ','kmA7aSIQW0m2O0v8Pin94w','YtpdtlZKi0ahzkqHFXeYDw','::1','2019-03-28 10:07:23','0.0358000000','',''),('r5obPYjpDEWMpnwBQbqjGw','h5oMfYYCAkO46adFX7NQmQ','PKFvoBxTSkqFhnXpR5k4zQ','YtpdtlZKi0ahzkqHFXeYDw','::1','2019-03-20 14:45:34','0.0750000000','[{\"Key\":\"pageIndex\",\"Value\":[\"1\"]},{\"Key\":\"pageSize\",\"Value\":[\"20\"]},{\"Key\":\"Tid\",\"Value\":[\"F7HjV9KcB0mrS6pftBvdmg\"]}]',''),('r5VXPtpFJkuXVyRrhfnsWw','h5oMfYYCAkO46adFX7NQmQ','xoKLLt3Y_EmVXwko5S2sYg','YtpdtlZKi0ahzkqHFXeYDw','::1','2019-03-20 14:34:14','0.1669000000','',''),('rqPqgLYXN0-tbEQFDOeIlg','h5oMfYYCAkO46adFX7NQmQ','vIqymh738UiudkzI1a3b-A','YtpdtlZKi0ahzkqHFXeYDw','::1','2019-03-20 15:05:12','0.0356000000','',''),('rxgltfVf9E2P9oOlH2J0aw','h5oMfYYCAkO46adFX7NQmQ','xoKLLt3Y_EmVXwko5S2sYg','YtpdtlZKi0ahzkqHFXeYDw','::1','2019-03-20 14:14:17','0.0708000000','[{\"Key\":\"pageIndex\",\"Value\":[\"1\"]},{\"Key\":\"pageSize\",\"Value\":[\"20\"]}]',''),('SECpxYJJuUeCdxbGwWs9vw','h5oMfYYCAkO46adFX7NQmQ','xoKLLt3Y_EmVXwko5S2sYg','YtpdtlZKi0ahzkqHFXeYDw','::1','2019-03-20 14:16:22','0.0695000000','[{\"Key\":\"pageIndex\",\"Value\":[\"1\"]},{\"Key\":\"pageSize\",\"Value\":[\"20\"]}]',''),('smaiadnEhkK3p2OxDy6m-g','h5oMfYYCAkO46adFX7NQmQ','xoKLLt3Y_EmVXwko5S2sYg','YtpdtlZKi0ahzkqHFXeYDw','::1','2019-03-20 14:19:02','0.0951000000','[{\"Key\":\"pageIndex\",\"Value\":[\"1\"]},{\"Key\":\"pageSize\",\"Value\":[\"20\"]}]',''),('TBWK8wuQpEifo7ZQgOxrcA','h5oMfYYCAkO46adFX7NQmQ','xoKLLt3Y_EmVXwko5S2sYg','YtpdtlZKi0ahzkqHFXeYDw','::1','2019-03-20 14:21:59','0.0736000000','',''),('Ti4ivN3YLEm7z6iezOxzVw','h5oMfYYCAkO46adFX7NQmQ','imNnSDrrxUahyoP0lVucNw','YtpdtlZKi0ahzkqHFXeYDw','::1','2019-04-12 10:43:17','0.0478000000','[{\"Key\":\"pageIndex\",\"Value\":[\"1\"]},{\"Key\":\"pageSize\",\"Value\":[\"20\"]}]',''),('Tm4Wu0vqZESPoDe9m2WI2w','h5oMfYYCAkO46adFX7NQmQ','xoKLLt3Y_EmVXwko5S2sYg','YtpdtlZKi0ahzkqHFXeYDw','::1','2019-03-20 14:09:47','0.0515000000','',''),('uEdiNKGXVUO1oluG3z8HsA','h5oMfYYCAkO46adFX7NQmQ','xoKLLt3Y_EmVXwko5S2sYg','YtpdtlZKi0ahzkqHFXeYDw','::1','2019-03-20 14:08:20','0.0740000000','[{\"Key\":\"pageIndex\",\"Value\":[\"1\"]},{\"Key\":\"pageSize\",\"Value\":[\"20\"]}]',''),('UR15PEDxN0ybltxsTMd71Q','h5oMfYYCAkO46adFX7NQmQ','kmA7aSIQW0m2O0v8Pin94w','YtpdtlZKi0ahzkqHFXeYDw','::1','2019-03-28 10:07:24','0.0518000000','[{\"Key\":\"pageIndex\",\"Value\":[\"1\"]},{\"Key\":\"pageSize\",\"Value\":[\"20\"]}]',''),('ur9OopoJwUiLDNBZ9-pJJA','h5oMfYYCAkO46adFX7NQmQ','xoKLLt3Y_EmVXwko5S2sYg','YtpdtlZKi0ahzkqHFXeYDw','::1','2019-03-20 14:19:51','0.0477000000','',''),('us-KmaS__UG9eCpNboi_9Q','h5oMfYYCAkO46adFX7NQmQ','vIqymh738UiudkzI1a3b-A','YtpdtlZKi0ahzkqHFXeYDw','::1','2019-04-12 10:43:42','0.0331000000','',''),('utFSo8fo10aHH4ZD_-I0hA','h5oMfYYCAkO46adFX7NQmQ','xoKLLt3Y_EmVXwko5S2sYg','YtpdtlZKi0ahzkqHFXeYDw','::1','2019-04-12 10:47:55','0.0617000000','',''),('vcZDdCibKEyszHrh6Z8bzw','h5oMfYYCAkO46adFX7NQmQ','xoKLLt3Y_EmVXwko5S2sYg','YtpdtlZKi0ahzkqHFXeYDw','::1','2019-03-28 10:07:47','0.1120000000','[{\"Key\":\"pageIndex\",\"Value\":[\"1\"]},{\"Key\":\"pageSize\",\"Value\":[\"20\"]}]',''),('VDpi92wk-USueRYyZl-Uiw','h5oMfYYCAkO46adFX7NQmQ','xoKLLt3Y_EmVXwko5S2sYg','YtpdtlZKi0ahzkqHFXeYDw','::1','2019-03-20 14:19:02','0.1228000000','',''),('VIKY2Pswy0a6kAIce-yk7Q','h5oMfYYCAkO46adFX7NQmQ','xoKLLt3Y_EmVXwko5S2sYg','YtpdtlZKi0ahzkqHFXeYDw','::1','2019-03-20 14:34:15','0.0867000000','[{\"Key\":\"pageIndex\",\"Value\":[\"1\"]},{\"Key\":\"pageSize\",\"Value\":[\"20\"]}]',''),('vNeyUlwMskWhTdPyTuuaeg','h5oMfYYCAkO46adFX7NQmQ','PKFvoBxTSkqFhnXpR5k4zQ','YtpdtlZKi0ahzkqHFXeYDw','::1','2019-03-20 14:50:58','0.0773000000','[{\"Key\":\"pageIndex\",\"Value\":[\"1\"]},{\"Key\":\"pageSize\",\"Value\":[\"20\"]},{\"Key\":\"Tid\",\"Value\":[\"FyENZ39HvEqQ_9pBl6HHpg\"]}]',''),('vu4KcQ-5tEaQAw8q2yiSCw','h5oMfYYCAkO46adFX7NQmQ','xoKLLt3Y_EmVXwko5S2sYg','YtpdtlZKi0ahzkqHFXeYDw','::1','2019-03-20 14:09:37','0.0442000000','',''),('WeCY1Ri2-02Eb41Lv80XxQ','h5oMfYYCAkO46adFX7NQmQ','xoKLLt3Y_EmVXwko5S2sYg','YtpdtlZKi0ahzkqHFXeYDw','::1','2019-03-20 14:14:38','0.1014000000','',''),('wzEiMlZC7kOJpsRQCMur0g','h5oMfYYCAkO46adFX7NQmQ','xoKLLt3Y_EmVXwko5S2sYg','YtpdtlZKi0ahzkqHFXeYDw','::1','2019-03-20 14:09:48','0.0719000000','[{\"Key\":\"pageIndex\",\"Value\":[\"1\"]},{\"Key\":\"pageSize\",\"Value\":[\"20\"]}]',''),('xAt9JNhY5E2HRAcDU_ytlA','h5oMfYYCAkO46adFX7NQmQ','PKFvoBxTSkqFhnXpR5k4zQ','YtpdtlZKi0ahzkqHFXeYDw','::1','2019-03-20 14:45:32','0.0712000000','[{\"Key\":\"pageIndex\",\"Value\":[\"1\"]},{\"Key\":\"pageSize\",\"Value\":[\"20\"]},{\"Key\":\"Tid\",\"Value\":[\"FyENZ39HvEqQ_9pBl6HHpg\"]}]',''),('XK2wm2qlT0ar6VAwlNSluQ','h5oMfYYCAkO46adFX7NQmQ','xoKLLt3Y_EmVXwko5S2sYg','YtpdtlZKi0ahzkqHFXeYDw','::1','2019-03-20 14:16:21','0.0495000000','',''),('yECC7Bwzi02QiABS6hIKLA','h5oMfYYCAkO46adFX7NQmQ','xoKLLt3Y_EmVXwko5S2sYg','YtpdtlZKi0ahzkqHFXeYDw','::1','2019-03-20 14:07:19','0.0513000000','[{\"Key\":\"pageIndex\",\"Value\":[\"1\"]},{\"Key\":\"pageSize\",\"Value\":[\"20\"]}]',''),('Yk91cgnnmEGs-eIxppfATg','h5oMfYYCAkO46adFX7NQmQ','PKFvoBxTSkqFhnXpR5k4zQ','YtpdtlZKi0ahzkqHFXeYDw','::1','2019-03-20 14:48:26','0.0762000000','[{\"Key\":\"pageIndex\",\"Value\":[\"1\"]},{\"Key\":\"pageSize\",\"Value\":[\"20\"]},{\"Key\":\"Tid\",\"Value\":[\"FyENZ39HvEqQ_9pBl6HHpg\"]}]',''),('YMYN9573IU-j9aa_glXjGw','h5oMfYYCAkO46adFX7NQmQ','xoKLLt3Y_EmVXwko5S2sYg','YtpdtlZKi0ahzkqHFXeYDw','::1','2019-03-20 14:07:41','0.0587000000','',''),('YqLGYVgm5ESzgczgcwtsVA','h5oMfYYCAkO46adFX7NQmQ','xoKLLt3Y_EmVXwko5S2sYg','YtpdtlZKi0ahzkqHFXeYDw','::1','2019-03-20 14:26:59','0.1138000000','[{\"Key\":\"pageIndex\",\"Value\":[\"1\"]},{\"Key\":\"pageSize\",\"Value\":[\"20\"]},{\"Key\":\"RoleId\",\"Value\":[\"\"]},{\"Key\":\"Email\",\"Value\":[\"2019-03-04 00:00:00 - 2019-03-12 00:00:00\"]}]',''),('YsEiGxwA7EisDu78lvD9gg','h5oMfYYCAkO46adFX7NQmQ','vIqymh738UiudkzI1a3b-A','YtpdtlZKi0ahzkqHFXeYDw','::1','2019-03-28 10:07:54','0.1563000000','[{\"Key\":\"pageIndex\",\"Value\":[\"1\"]},{\"Key\":\"pageSize\",\"Value\":[\"10\"]}]',''),('YucNRNXAPUe1kBAOY01hZg','h5oMfYYCAkO46adFX7NQmQ','vIqymh738UiudkzI1a3b-A','n6VdFqOfKUyjyO0HPQzn-g','::1','2019-04-12 10:43:40','0.0874000000','','?Id=A1LcWlkok0mvZBEiLrgScQ'),('z186b1dv5ke0Wg0n1jaddA','h5oMfYYCAkO46adFX7NQmQ','xoKLLt3Y_EmVXwko5S2sYg','YtpdtlZKi0ahzkqHFXeYDw','::1','2019-03-20 14:19:22','0.0775000000','[{\"Key\":\"pageIndex\",\"Value\":[\"1\"]},{\"Key\":\"pageSize\",\"Value\":[\"20\"]}]',''),('Zp-BAM5jyEW3_pbXZ0pwvA','h5oMfYYCAkO46adFX7NQmQ','xoKLLt3Y_EmVXwko5S2sYg','YtpdtlZKi0ahzkqHFXeYDw','::1','2019-03-20 14:34:16','0.0928000000','[{\"Key\":\"pageIndex\",\"Value\":[\"1\"]},{\"Key\":\"pageSize\",\"Value\":[\"20\"]},{\"Key\":\"RoleId\",\"Value\":[\"\"]},{\"Key\":\"StartTime\",\"Value\":[\"\"]}]',''),('ZzWtCcunekefjr3x_F9ZXg','h5oMfYYCAkO46adFX7NQmQ','PKFvoBxTSkqFhnXpR5k4zQ','n6VdFqOfKUyjyO0HPQzn-g','::1','2019-03-20 14:50:59','0.1219000000','[{\"Key\":\"Id\",\"Value\":[\"YLd3iOA-qUuNhF1yXCsgcw\"]},{\"Key\":\"Status\",\"Value\":[\"1\"]}]',''),('_Tun31t3wkmlzd9tiDYSsQ','h5oMfYYCAkO46adFX7NQmQ','xoKLLt3Y_EmVXwko5S2sYg','YtpdtlZKi0ahzkqHFXeYDw','::1','2019-03-20 14:14:16','0.0604000000','','');

/*Table structure for table `Users` */

DROP TABLE IF EXISTS `Users`;

CREATE TABLE `Users` (
  `Id` varchar(255) NOT NULL,
  `UserName` varchar(255) DEFAULT NULL,
  `Password` varchar(255) DEFAULT NULL,
  `Mobile` varchar(255) DEFAULT NULL,
  `Email` varchar(255) DEFAULT NULL,
  `Status` int(11) DEFAULT NULL,
  `Sex` int(11) DEFAULT NULL,
  `LoginTime` datetime DEFAULT NULL,
  `LoginIp` varchar(255) DEFAULT NULL,
  PRIMARY KEY (`Id`)
) ENGINE=InnoDB DEFAULT CHARSET=utf8;

/*Data for the table `Users` */

/*!40101 SET SQL_MODE=@OLD_SQL_MODE */;
/*!40014 SET FOREIGN_KEY_CHECKS=@OLD_FOREIGN_KEY_CHECKS */;
/*!40014 SET UNIQUE_CHECKS=@OLD_UNIQUE_CHECKS */;
/*!40111 SET SQL_NOTES=@OLD_SQL_NOTES */;
